INSERT INTO Currency(IdCurrency,CurrencyName,CurrencyCode) VALUES(1, 'Euro', 'EUR');
INSERT INTO Currency(IdCurrency,CurrencyName,CurrencyCode) VALUES(2, 'Dollar', 'USD');
INSERT INTO Currency(IdCurrency,CurrencyName,CurrencyCode) VALUES(3, 'Pound', 'GBP');
INSERT INTO AccountType(IdAccountType,AccountTypeName) VALUES(1, 'Checking account');
INSERT INTO AccountType(IdAccountType,AccountTypeName) VALUES(2, 'Savings account');
INSERT INTO CurrencyAccountType(IdCurrencyAccountType,FkCurrency,FkAccountType) VALUES(1, 1, 1);
INSERT INTO CurrencyAccountType(IdCurrencyAccountType,FkCurrency,FkAccountType) VALUES(2, 1, 2);
INSERT INTO CurrencyAccountType(IdCurrencyAccountType,FkCurrency,FkAccountType) VALUES(3, 2, 1);
INSERT INTO CurrencyAccountType(IdCurrencyAccountType,FkCurrency,FkAccountType) VALUES(4, 2, 2);
INSERT INTO CurrencyAccountType(IdCurrencyAccountType,FkCurrency,FkAccountType) VALUES(5, 3, 1);
INSERT INTO CurrencyAccountType(IdCurrencyAccountType,FkCurrency,FkAccountType) VALUES(6, 3, 2);
INSERT INTO Customer(IdCustomer,FirstName,LastName1,LastName2,Sex,NIF,BirthDate,AddressLine,ZipCode,City) VALUES(1, 'Antonio', 'Sánchez', 'Sánchez', 'Male', '13193096D', '1995-08-27', 'Plaza del Sol, 6, 5ºC', '15181', 'Zaragoza');
INSERT INTO Customer(IdCustomer,FirstName,LastName1,LastName2,Sex,NIF,BirthDate,AddressLine,ZipCode,City) VALUES(2, 'Josefa', 'García', 'Díaz', 'Male', '10767150S', '1980-02-03', 'Plaza del Sol, 87, 5ºE', '23051', 'Bilbao');
INSERT INTO Customer(IdCustomer,FirstName,LastName1,LastName2,Sex,NIF,BirthDate,AddressLine,ZipCode,City) VALUES(3, 'Laura', 'Hernández', 'Hernández', 'Male', '54885126B', '1950-05-18', 'Paseo de la Castellana, 69, 6ºC', '28169', 'Murcia');
INSERT INTO Customer(IdCustomer,FirstName,LastName1,LastName2,Sex,NIF,BirthDate,AddressLine,ZipCode,City) VALUES(4, 'Antonio', 'Díaz', 'Gómez', 'Female', '55176703H', '1984-04-08', 'Calle Gran Vía, 93, 0ºB', '22888', 'Salamanca');
INSERT INTO Customer(IdCustomer,FirstName,LastName1,LastName2,Sex,NIF,BirthDate,AddressLine,ZipCode,City) VALUES(5, 'Carmen', 'Pérez', 'Hernández', 'Female', '65548030G', '1971-02-16', 'Avenida de la Constitución, 24, 7ºB', '40232', 'Madrid');
INSERT INTO Customer(IdCustomer,FirstName,LastName1,LastName2,Sex,NIF,BirthDate,AddressLine,ZipCode,City) VALUES(6, 'Sofía', 'García', 'Sánchez', 'Female', '10527841V', '1972-03-29', 'Plaza del Sol, 73, 5ºA', '40242', 'Madrid');
INSERT INTO Customer(IdCustomer,FirstName,LastName1,LastName2,Sex,NIF,BirthDate,AddressLine,ZipCode,City) VALUES(7, 'Isabel', 'Hernández', 'Gómez', 'Female', '82639040L', '1994-03-14', 'Avenida de la Constitución, 25, 0ºD', '51998', 'Sevilla');
INSERT INTO Customer(IdCustomer,FirstName,LastName1,LastName2,Sex,NIF,BirthDate,AddressLine,ZipCode,City) VALUES(8, 'Manuel', 'López', 'Pérez', 'Female', '14097642S', '1984-06-23', 'Calle Mayor, 31, 6ºD', '49601', 'Granada');
INSERT INTO Customer(IdCustomer,FirstName,LastName1,LastName2,Sex,NIF,BirthDate,AddressLine,ZipCode,City) VALUES(9, 'María', 'García', 'Pérez', 'Male', '15863695V', '1972-04-24', 'Paseo de la Castellana, 42, 5ºA', '50779', 'Málaga');
INSERT INTO Customer(IdCustomer,FirstName,LastName1,LastName2,Sex,NIF,BirthDate,AddressLine,ZipCode,City) VALUES(10, 'Antonio', 'Moreno', 'Ruiz', 'Female', '91104697I', '1955-07-16', 'Calle Gran Vía, 82, 8ºD', '48002', 'Murcia');
INSERT INTO Customer(IdCustomer,FirstName,LastName1,LastName2,Sex,NIF,BirthDate,AddressLine,ZipCode,City) VALUES(11, 'Juan', 'Hernández', 'Martínez', 'Female', '76011419J', '1994-06-26', 'Paseo de la Castellana, 95, 0ºF', '44008', 'Bilbao');
INSERT INTO Customer(IdCustomer,FirstName,LastName1,LastName2,Sex,NIF,BirthDate,AddressLine,ZipCode,City) VALUES(12, 'Lucía', 'Ruiz', 'Sánchez', 'Female', '22160409D', '1976-02-20', 'Avenida de la Constitución, 38, 9ºF', '21897', 'Salamanca');
INSERT INTO Customer(IdCustomer,FirstName,LastName1,LastName2,Sex,NIF,BirthDate,AddressLine,ZipCode,City) VALUES(13, 'Laura', 'Pérez', 'Pérez', 'Male', '87889278V', '1952-02-01', 'Plaza del Sol, 46, 10ºB', '20104', 'Granada');
INSERT INTO Customer(IdCustomer,FirstName,LastName1,LastName2,Sex,NIF,BirthDate,AddressLine,ZipCode,City) VALUES(14, 'Lucía', 'Sánchez', 'López', 'Female', '21791204W', '1950-04-25', 'Paseo de la Castellana, 38, 10ºF', '27310', 'Valencia');
INSERT INTO Customer(IdCustomer,FirstName,LastName1,LastName2,Sex,NIF,BirthDate,AddressLine,ZipCode,City) VALUES(15, 'Marta', 'Moreno', 'Gómez', 'Male', '19059317E', '1999-05-08', 'Paseo de la Castellana, 47, 10ºD', '42598', 'Bilbao');
INSERT INTO Customer(IdCustomer,FirstName,LastName1,LastName2,Sex,NIF,BirthDate,AddressLine,ZipCode,City) VALUES(16, 'Luis', 'Pérez', 'García', 'Male', '59608240H', '1990-01-15', 'Plaza del Sol, 63, 7ºA', '10961', 'Granada');
INSERT INTO Customer(IdCustomer,FirstName,LastName1,LastName2,Sex,NIF,BirthDate,AddressLine,ZipCode,City) VALUES(17, 'Carmen', 'Martínez', 'Gómez', 'Female', '11079721X', '1954-03-30', 'Avenida de la Constitución, 93, 10ºC', '25236', 'Granada');
INSERT INTO Customer(IdCustomer,FirstName,LastName1,LastName2,Sex,NIF,BirthDate,AddressLine,ZipCode,City) VALUES(18, 'Carlos', 'Pérez', 'López', 'Female', '56845449T', '1968-01-18', 'Calle Real, 86, 0ºC', '29163', 'Zaragoza');
INSERT INTO Customer(IdCustomer,FirstName,LastName1,LastName2,Sex,NIF,BirthDate,AddressLine,ZipCode,City) VALUES(19, 'David', 'Gómez', 'Gómez', 'Male', '31684098H', '1978-02-17', 'Plaza del Sol, 77, 10ºD', '25028', 'Toledo');
INSERT INTO Customer(IdCustomer,FirstName,LastName1,LastName2,Sex,NIF,BirthDate,AddressLine,ZipCode,City) VALUES(20, 'Sofía', 'Pérez', 'Díaz', 'Female', '19358895X', '1979-02-12', 'Avenida de la Constitución, 15, 8ºB', '45056', 'Murcia');
INSERT INTO Customer(IdCustomer,FirstName,LastName1,LastName2,Sex,NIF,BirthDate,AddressLine,ZipCode,City) VALUES(21, 'Luis', 'García', 'García', 'Male', '13236330T', '1951-08-06', 'Calle Mayor, 12, 2ºF', '27878', 'Toledo');
INSERT INTO Customer(IdCustomer,FirstName,LastName1,LastName2,Sex,NIF,BirthDate,AddressLine,ZipCode,City) VALUES(22, 'María', 'López', 'Moreno', 'Female', '82357687L', '1993-08-19', 'Avenida de la Constitución, 75, 6ºE', '45904', 'Zaragoza');
INSERT INTO Customer(IdCustomer,FirstName,LastName1,LastName2,Sex,NIF,BirthDate,AddressLine,ZipCode,City) VALUES(23, 'Ana', 'Díaz', 'García', 'Male', '77847975E', '1967-02-17', 'Plaza del Sol, 7, 9ºB', '40852', 'Zaragoza');
INSERT INTO Customer(IdCustomer,FirstName,LastName1,LastName2,Sex,NIF,BirthDate,AddressLine,ZipCode,City) VALUES(24, 'Antonio', 'Ruiz', 'Martínez', 'Female', '71104398H', '1972-04-02', 'Calle Gran Vía, 57, 7ºC', '24343', 'Toledo');
INSERT INTO Customer(IdCustomer,FirstName,LastName1,LastName2,Sex,NIF,BirthDate,AddressLine,ZipCode,City) VALUES(25, 'Marta', 'Sánchez', 'López', 'Male', '15190461Z', '1959-11-03', 'Avenida de la Constitución, 47, 5ºE', '51680', 'Valencia');
INSERT INTO Customer(IdCustomer,FirstName,LastName1,LastName2,Sex,NIF,BirthDate,AddressLine,ZipCode,City) VALUES(26, 'Francisco', 'Díaz', 'Ruiz', 'Male', '22709815J', '1991-01-25', 'Paseo de la Castellana, 19, 5ºD', '45824', 'Toledo');
INSERT INTO Customer(IdCustomer,FirstName,LastName1,LastName2,Sex,NIF,BirthDate,AddressLine,ZipCode,City) VALUES(27, 'Antonio', 'Ruiz', 'Pérez', 'Male', '76627550E', '1994-12-20', 'Calle Real, 37, 8ºD', '39419', 'Salamanca');
INSERT INTO Customer(IdCustomer,FirstName,LastName1,LastName2,Sex,NIF,BirthDate,AddressLine,ZipCode,City) VALUES(28, 'Carlos', 'Díaz', 'Díaz', 'Female', '23934713X', '1978-10-11', 'Calle Gran Vía, 35, 10ºB', '16231', 'Murcia');
INSERT INTO Customer(IdCustomer,FirstName,LastName1,LastName2,Sex,NIF,BirthDate,AddressLine,ZipCode,City) VALUES(29, 'Ana', 'Moreno', 'Díaz', 'Male', '82324619X', '1980-07-19', 'Calle Gran Vía, 25, 6ºE', '20980', 'Valencia');
INSERT INTO Customer(IdCustomer,FirstName,LastName1,LastName2,Sex,NIF,BirthDate,AddressLine,ZipCode,City) VALUES(30, 'Manuel', 'Díaz', 'Ruiz', 'Male', '58132268G', '1963-12-23', 'Paseo de la Castellana, 68, 6ºD', '49105', 'Murcia');
INSERT INTO Customer(IdCustomer,FirstName,LastName1,LastName2,Sex,NIF,BirthDate,AddressLine,ZipCode,City) VALUES(31, 'Isabel', 'Sánchez', 'López', 'Female', '11317735A', '1999-03-27', 'Calle Real, 33, 8ºE', '15478', 'Zaragoza');
INSERT INTO Customer(IdCustomer,FirstName,LastName1,LastName2,Sex,NIF,BirthDate,AddressLine,ZipCode,City) VALUES(32, 'Patricia', 'Díaz', 'Pérez', 'Male', '41436694H', '1984-05-06', 'Plaza del Sol, 11, 1ºD', '49682', 'Toledo');
INSERT INTO Customer(IdCustomer,FirstName,LastName1,LastName2,Sex,NIF,BirthDate,AddressLine,ZipCode,City) VALUES(33, 'Laura', 'Ruiz', 'Martínez', 'Male', '18550554Y', '1988-08-12', 'Calle Mayor, 65, 8ºA', '48198', 'Sevilla');
INSERT INTO Customer(IdCustomer,FirstName,LastName1,LastName2,Sex,NIF,BirthDate,AddressLine,ZipCode,City) VALUES(34, 'Josefa', 'García', 'López', 'Male', '92956909G', '1996-02-20', 'Calle Mayor, 30, 1ºB', '19697', 'Valencia');
INSERT INTO Customer(IdCustomer,FirstName,LastName1,LastName2,Sex,NIF,BirthDate,AddressLine,ZipCode,City) VALUES(35, 'Sofía', 'García', 'Gómez', 'Female', '96342657D', '1956-04-09', 'Avenida de la Constitución, 10, 4ºE', '22226', 'Barcelona');
INSERT INTO Customer(IdCustomer,FirstName,LastName1,LastName2,Sex,NIF,BirthDate,AddressLine,ZipCode,City) VALUES(36, 'Manuel', 'García', 'Hernández', 'Female', '46380065O', '1977-10-05', 'Calle Gran Vía, 39, 10ºF', '14242', 'Toledo');
INSERT INTO Customer(IdCustomer,FirstName,LastName1,LastName2,Sex,NIF,BirthDate,AddressLine,ZipCode,City) VALUES(37, 'Luis', 'Pérez', 'Díaz', 'Female', '46982333T', '1991-01-29', 'Calle Gran Vía, 88, 7ºD', '30929', 'Valencia');
INSERT INTO Customer(IdCustomer,FirstName,LastName1,LastName2,Sex,NIF,BirthDate,AddressLine,ZipCode,City) VALUES(38, 'Luis', 'Martínez', 'López', 'Female', '26314187Y', '1954-10-12', 'Calle Gran Vía, 57, 0ºD', '11015', 'Salamanca');
INSERT INTO Customer(IdCustomer,FirstName,LastName1,LastName2,Sex,NIF,BirthDate,AddressLine,ZipCode,City) VALUES(39, 'Juan', 'Martínez', 'Díaz', 'Female', '97423673W', '1984-03-10', 'Calle Gran Vía, 26, 8ºA', '52566', 'Madrid');
INSERT INTO Customer(IdCustomer,FirstName,LastName1,LastName2,Sex,NIF,BirthDate,AddressLine,ZipCode,City) VALUES(40, 'Carmen', 'García', 'Gómez', 'Female', '72306242I', '1953-05-24', 'Calle Real, 84, 3ºA', '38221', 'Valencia');
INSERT INTO Customer(IdCustomer,FirstName,LastName1,LastName2,Sex,NIF,BirthDate,AddressLine,ZipCode,City) VALUES(41, 'Javier', 'Díaz', 'López', 'Female', '80182845S', '1993-10-16', 'Calle Real, 78, 10ºE', '30225', 'Bilbao');
INSERT INTO Customer(IdCustomer,FirstName,LastName1,LastName2,Sex,NIF,BirthDate,AddressLine,ZipCode,City) VALUES(42, 'Javier', 'Martínez', 'Pérez', 'Male', '67820781E', '2000-01-02', 'Calle Mayor, 22, 6ºF', '28457', 'Valencia');
INSERT INTO Customer(IdCustomer,FirstName,LastName1,LastName2,Sex,NIF,BirthDate,AddressLine,ZipCode,City) VALUES(43, 'María', 'Moreno', 'Gómez', 'Female', '24908134V', '1996-02-28', 'Paseo de la Castellana, 78, 6ºF', '28696', 'Bilbao');
INSERT INTO Customer(IdCustomer,FirstName,LastName1,LastName2,Sex,NIF,BirthDate,AddressLine,ZipCode,City) VALUES(44, 'Ana', 'López', 'Pérez', 'Female', '30170604G', '1989-01-05', 'Calle Real, 48, 1ºC', '37090', 'Málaga');
INSERT INTO Customer(IdCustomer,FirstName,LastName1,LastName2,Sex,NIF,BirthDate,AddressLine,ZipCode,City) VALUES(45, 'Josefa', 'Sánchez', 'Moreno', 'Female', '42158583J', '1999-11-16', 'Calle Gran Vía, 3, 2ºF', '35273', 'Madrid');
INSERT INTO Customer(IdCustomer,FirstName,LastName1,LastName2,Sex,NIF,BirthDate,AddressLine,ZipCode,City) VALUES(46, 'Ana', 'García', 'Moreno', 'Male', '13235226T', '1973-09-02', 'Paseo de la Castellana, 88, 6ºF', '48101', 'Valencia');
INSERT INTO Customer(IdCustomer,FirstName,LastName1,LastName2,Sex,NIF,BirthDate,AddressLine,ZipCode,City) VALUES(47, 'María', 'Martínez', 'López', 'Male', '85899377G', '2000-06-11', 'Calle Real, 59, 8ºD', '23724', 'Valencia');
INSERT INTO Customer(IdCustomer,FirstName,LastName1,LastName2,Sex,NIF,BirthDate,AddressLine,ZipCode,City) VALUES(48, 'Carmen', 'Hernández', 'Díaz', 'Female', '89577924Z', '1986-08-12', 'Calle Gran Vía, 66, 3ºB', '35649', 'Zaragoza');
INSERT INTO Customer(IdCustomer,FirstName,LastName1,LastName2,Sex,NIF,BirthDate,AddressLine,ZipCode,City) VALUES(49, 'Lucía', 'Díaz', 'Pérez', 'Male', '62225144A', '1959-04-14', 'Calle Mayor, 46, 9ºC', '19640', 'Barcelona');
INSERT INTO Customer(IdCustomer,FirstName,LastName1,LastName2,Sex,NIF,BirthDate,AddressLine,ZipCode,City) VALUES(50, 'Antonio', 'Pérez', 'López', 'Female', '64264975E', '1962-10-31', 'Calle Real, 67, 6ºD', '35153', 'Madrid');
INSERT INTO Customer(IdCustomer,FirstName,LastName1,LastName2,Sex,NIF,BirthDate,AddressLine,ZipCode,City) VALUES(51, 'Manuel', 'López', 'López', 'Male', '84276072F', '1982-12-04', 'Calle Mayor, 5, 7ºF', '11412', 'Salamanca');
INSERT INTO Customer(IdCustomer,FirstName,LastName1,LastName2,Sex,NIF,BirthDate,AddressLine,ZipCode,City) VALUES(52, 'Manuel', 'García', 'Pérez', 'Male', '69547454J', '1999-09-19', 'Calle Mayor, 13, 4ºD', '28092', 'Valencia');
INSERT INTO Customer(IdCustomer,FirstName,LastName1,LastName2,Sex,NIF,BirthDate,AddressLine,ZipCode,City) VALUES(53, 'Luis', 'Sánchez', 'Moreno', 'Male', '83354124V', '1987-07-18', 'Calle Real, 100, 8ºB', '33421', 'Toledo');
INSERT INTO Customer(IdCustomer,FirstName,LastName1,LastName2,Sex,NIF,BirthDate,AddressLine,ZipCode,City) VALUES(54, 'Francisco', 'Pérez', 'Gómez', 'Male', '36638409O', '1963-01-11', 'Calle Gran Vía, 16, 10ºB', '23829', 'Zaragoza');
INSERT INTO Customer(IdCustomer,FirstName,LastName1,LastName2,Sex,NIF,BirthDate,AddressLine,ZipCode,City) VALUES(55, 'Ana', 'Pérez', 'López', 'Female', '43128220O', '1958-06-29', 'Paseo de la Castellana, 60, 7ºB', '36468', 'Bilbao');
INSERT INTO Customer(IdCustomer,FirstName,LastName1,LastName2,Sex,NIF,BirthDate,AddressLine,ZipCode,City) VALUES(56, 'Juan', 'Pérez', 'Hernández', 'Female', '22050494F', '1989-12-23', 'Paseo de la Castellana, 24, 5ºC', '51573', 'Murcia');
INSERT INTO Customer(IdCustomer,FirstName,LastName1,LastName2,Sex,NIF,BirthDate,AddressLine,ZipCode,City) VALUES(57, 'Isabel', 'Pérez', 'Hernández', 'Male', '70610616J', '1988-07-25', 'Calle Real, 47, 10ºA', '33752', 'Granada');
INSERT INTO Customer(IdCustomer,FirstName,LastName1,LastName2,Sex,NIF,BirthDate,AddressLine,ZipCode,City) VALUES(58, 'Laura', 'Hernández', 'Moreno', 'Male', '46646797V', '1984-07-03', 'Calle Gran Vía, 56, 2ºA', '18560', 'Barcelona');
INSERT INTO Customer(IdCustomer,FirstName,LastName1,LastName2,Sex,NIF,BirthDate,AddressLine,ZipCode,City) VALUES(59, 'María', 'Sánchez', 'Moreno', 'Male', '72717363D', '1957-09-10', 'Calle Real, 63, 6ºD', '27942', 'Málaga');
INSERT INTO Customer(IdCustomer,FirstName,LastName1,LastName2,Sex,NIF,BirthDate,AddressLine,ZipCode,City) VALUES(60, 'Laura', 'Sánchez', 'Gómez', 'Female', '27458647V', '1991-08-19', 'Plaza del Sol, 67, 4ºA', '42951', 'Bilbao');
INSERT INTO Customer(IdCustomer,FirstName,LastName1,LastName2,Sex,NIF,BirthDate,AddressLine,ZipCode,City) VALUES(61, 'Lucía', 'Sánchez', 'Ruiz', 'Male', '13675441F', '1975-10-03', 'Plaza del Sol, 41, 2ºA', '19470', 'Toledo');
INSERT INTO Customer(IdCustomer,FirstName,LastName1,LastName2,Sex,NIF,BirthDate,AddressLine,ZipCode,City) VALUES(62, 'Ana', 'López', 'Díaz', 'Male', '19377396E', '1993-12-25', 'Calle Real, 50, 10ºB', '15212', 'Bilbao');
INSERT INTO Customer(IdCustomer,FirstName,LastName1,LastName2,Sex,NIF,BirthDate,AddressLine,ZipCode,City) VALUES(63, 'Carmen', 'Ruiz', 'Martínez', 'Female', '58490267N', '1995-06-18', 'Avenida de la Constitución, 75, 10ºF', '25390', 'Barcelona');
INSERT INTO Customer(IdCustomer,FirstName,LastName1,LastName2,Sex,NIF,BirthDate,AddressLine,ZipCode,City) VALUES(64, 'Miguel', 'Sánchez', 'Pérez', 'Male', '86134638S', '1966-05-20', 'Calle Real, 19, 6ºB', '29952', 'Toledo');
INSERT INTO Customer(IdCustomer,FirstName,LastName1,LastName2,Sex,NIF,BirthDate,AddressLine,ZipCode,City) VALUES(65, 'Lucía', 'Gómez', 'Pérez', 'Male', '23487285P', '1953-10-12', 'Calle Gran Vía, 34, 2ºC', '45772', 'Toledo');
INSERT INTO Customer(IdCustomer,FirstName,LastName1,LastName2,Sex,NIF,BirthDate,AddressLine,ZipCode,City) VALUES(66, 'Josefa', 'Pérez', 'Martínez', 'Male', '25502200M', '1989-08-27', 'Calle Gran Vía, 34, 4ºE', '27883', 'Madrid');
INSERT INTO Customer(IdCustomer,FirstName,LastName1,LastName2,Sex,NIF,BirthDate,AddressLine,ZipCode,City) VALUES(67, 'Sofía', 'García', 'López', 'Female', '62799342S', '1951-12-12', 'Calle Mayor, 97, 0ºD', '49409', 'Barcelona');
INSERT INTO Customer(IdCustomer,FirstName,LastName1,LastName2,Sex,NIF,BirthDate,AddressLine,ZipCode,City) VALUES(68, 'David', 'López', 'Ruiz', 'Female', '29317473P', '1999-07-25', 'Plaza del Sol, 49, 8ºF', '34267', 'Toledo');
INSERT INTO Customer(IdCustomer,FirstName,LastName1,LastName2,Sex,NIF,BirthDate,AddressLine,ZipCode,City) VALUES(69, 'Laura', 'Pérez', 'Moreno', 'Female', '39525152Q', '1992-10-22', 'Plaza del Sol, 97, 4ºB', '32918', 'Murcia');
INSERT INTO Customer(IdCustomer,FirstName,LastName1,LastName2,Sex,NIF,BirthDate,AddressLine,ZipCode,City) VALUES(70, 'Carlos', 'Pérez', 'López', 'Male', '32218656X', '1993-09-10', 'Avenida de la Constitución, 68, 1ºE', '11336', 'Málaga');
INSERT INTO Customer(IdCustomer,FirstName,LastName1,LastName2,Sex,NIF,BirthDate,AddressLine,ZipCode,City) VALUES(71, 'Carlos', 'López', 'Sánchez', 'Female', '36585889H', '1975-10-29', 'Calle Mayor, 44, 6ºA', '30372', 'Madrid');
INSERT INTO Customer(IdCustomer,FirstName,LastName1,LastName2,Sex,NIF,BirthDate,AddressLine,ZipCode,City) VALUES(72, 'Juan', 'Sánchez', 'Gómez', 'Male', '86198767E', '1967-11-22', 'Plaza del Sol, 99, 1ºB', '52197', 'Valencia');
INSERT INTO Customer(IdCustomer,FirstName,LastName1,LastName2,Sex,NIF,BirthDate,AddressLine,ZipCode,City) VALUES(73, 'David', 'Moreno', 'Díaz', 'Female', '72846755W', '1976-03-04', 'Calle Gran Vía, 91, 6ºF', '22688', 'Sevilla');
INSERT INTO Customer(IdCustomer,FirstName,LastName1,LastName2,Sex,NIF,BirthDate,AddressLine,ZipCode,City) VALUES(74, 'Josefa', 'Martínez', 'Martínez', 'Female', '16993991P', '1998-12-29', 'Calle Mayor, 83, 2ºB', '14326', 'Sevilla');
INSERT INTO Customer(IdCustomer,FirstName,LastName1,LastName2,Sex,NIF,BirthDate,AddressLine,ZipCode,City) VALUES(75, 'José', 'Ruiz', 'Ruiz', 'Male', '10361974X', '1992-08-03', 'Calle Gran Vía, 34, 6ºB', '11739', 'Salamanca');
INSERT INTO Customer(IdCustomer,FirstName,LastName1,LastName2,Sex,NIF,BirthDate,AddressLine,ZipCode,City) VALUES(76, 'Isabel', 'Sánchez', 'Ruiz', 'Male', '88208252U', '1991-06-13', 'Calle Gran Vía, 35, 1ºB', '28022', 'Murcia');
INSERT INTO Customer(IdCustomer,FirstName,LastName1,LastName2,Sex,NIF,BirthDate,AddressLine,ZipCode,City) VALUES(77, 'Juan', 'Martínez', 'Martínez', 'Male', '84264978A', '1970-09-26', 'Calle Real, 96, 1ºD', '19361', 'Murcia');
INSERT INTO Customer(IdCustomer,FirstName,LastName1,LastName2,Sex,NIF,BirthDate,AddressLine,ZipCode,City) VALUES(78, 'Laura', 'López', 'Ruiz', 'Male', '38554006B', '1965-08-18', 'Paseo de la Castellana, 52, 5ºB', '47696', 'Murcia');
INSERT INTO Customer(IdCustomer,FirstName,LastName1,LastName2,Sex,NIF,BirthDate,AddressLine,ZipCode,City) VALUES(79, 'Laura', 'Pérez', 'Gómez', 'Male', '44874989Z', '1963-07-10', 'Plaza del Sol, 62, 1ºD', '41687', 'Zaragoza');
INSERT INTO Customer(IdCustomer,FirstName,LastName1,LastName2,Sex,NIF,BirthDate,AddressLine,ZipCode,City) VALUES(80, 'Manuel', 'Ruiz', 'Moreno', 'Female', '82548753D', '1960-12-29', 'Calle Real, 53, 6ºD', '22508', 'Madrid');
INSERT INTO Customer(IdCustomer,FirstName,LastName1,LastName2,Sex,NIF,BirthDate,AddressLine,ZipCode,City) VALUES(81, 'Josefa', 'García', 'Hernández', 'Male', '57622171N', '1953-01-20', 'Paseo de la Castellana, 56, 9ºB', '26676', 'Valencia');
INSERT INTO Customer(IdCustomer,FirstName,LastName1,LastName2,Sex,NIF,BirthDate,AddressLine,ZipCode,City) VALUES(82, 'Marta', 'García', 'López', 'Female', '43185858L', '1986-06-24', 'Paseo de la Castellana, 5, 8ºF', '30803', 'Zaragoza');
INSERT INTO Customer(IdCustomer,FirstName,LastName1,LastName2,Sex,NIF,BirthDate,AddressLine,ZipCode,City) VALUES(83, 'Isabel', 'Díaz', 'López', 'Female', '30331623P', '1964-05-20', 'Calle Mayor, 21, 1ºD', '46706', 'Valencia');
INSERT INTO Customer(IdCustomer,FirstName,LastName1,LastName2,Sex,NIF,BirthDate,AddressLine,ZipCode,City) VALUES(84, 'Francisco', 'López', 'Pérez', 'Female', '58993510U', '1972-06-15', 'Calle Gran Vía, 24, 1ºA', '46311', 'Toledo');
INSERT INTO Customer(IdCustomer,FirstName,LastName1,LastName2,Sex,NIF,BirthDate,AddressLine,ZipCode,City) VALUES(85, 'Carlos', 'López', 'Moreno', 'Male', '85516685N', '1995-12-04', 'Plaza del Sol, 5, 8ºC', '32873', 'Salamanca');
INSERT INTO Customer(IdCustomer,FirstName,LastName1,LastName2,Sex,NIF,BirthDate,AddressLine,ZipCode,City) VALUES(86, 'David', 'Gómez', 'Moreno', 'Female', '47133869H', '1986-03-18', 'Calle Real, 63, 5ºB', '10101', 'Málaga');
INSERT INTO Customer(IdCustomer,FirstName,LastName1,LastName2,Sex,NIF,BirthDate,AddressLine,ZipCode,City) VALUES(87, 'David', 'Díaz', 'Díaz', 'Female', '58146901T', '1988-11-11', 'Calle Gran Vía, 12, 4ºC', '29195', 'Salamanca');
INSERT INTO Customer(IdCustomer,FirstName,LastName1,LastName2,Sex,NIF,BirthDate,AddressLine,ZipCode,City) VALUES(88, 'Isabel', 'García', 'Moreno', 'Female', '82110480G', '1990-05-22', 'Avenida de la Constitución, 2, 8ºC', '51123', 'Málaga');
INSERT INTO Customer(IdCustomer,FirstName,LastName1,LastName2,Sex,NIF,BirthDate,AddressLine,ZipCode,City) VALUES(89, 'María', 'López', 'Díaz', 'Male', '26447937R', '1956-07-31', 'Calle Real, 13, 1ºE', '14623', 'Madrid');
INSERT INTO Customer(IdCustomer,FirstName,LastName1,LastName2,Sex,NIF,BirthDate,AddressLine,ZipCode,City) VALUES(90, 'Josefa', 'Díaz', 'Martínez', 'Male', '38684647J', '1959-04-30', 'Plaza del Sol, 52, 4ºF', '24778', 'Barcelona');
INSERT INTO Customer(IdCustomer,FirstName,LastName1,LastName2,Sex,NIF,BirthDate,AddressLine,ZipCode,City) VALUES(91, 'Lucía', 'Martínez', 'López', 'Male', '77636772Y', '1990-06-10', 'Calle Real, 13, 10ºA', '52877', 'Salamanca');
INSERT INTO Customer(IdCustomer,FirstName,LastName1,LastName2,Sex,NIF,BirthDate,AddressLine,ZipCode,City) VALUES(92, 'Miguel', 'Sánchez', 'Sánchez', 'Female', '82685397I', '1975-05-25', 'Paseo de la Castellana, 46, 6ºD', '10735', 'Barcelona');
INSERT INTO Customer(IdCustomer,FirstName,LastName1,LastName2,Sex,NIF,BirthDate,AddressLine,ZipCode,City) VALUES(93, 'David', 'Gómez', 'López', 'Female', '80866024Y', '1974-02-07', 'Calle Gran Vía, 95, 7ºF', '29082', 'Málaga');
INSERT INTO Customer(IdCustomer,FirstName,LastName1,LastName2,Sex,NIF,BirthDate,AddressLine,ZipCode,City) VALUES(94, 'Antonio', 'Moreno', 'Gómez', 'Female', '86666209M', '1984-04-21', 'Paseo de la Castellana, 83, 5ºC', '36377', 'Salamanca');
INSERT INTO Customer(IdCustomer,FirstName,LastName1,LastName2,Sex,NIF,BirthDate,AddressLine,ZipCode,City) VALUES(95, 'Patricia', 'Gómez', 'García', 'Female', '10357896V', '2000-07-12', 'Calle Gran Vía, 79, 9ºF', '41351', 'Salamanca');
INSERT INTO Customer(IdCustomer,FirstName,LastName1,LastName2,Sex,NIF,BirthDate,AddressLine,ZipCode,City) VALUES(96, 'David', 'Pérez', 'Moreno', 'Female', '51863339M', '1965-08-03', 'Plaza del Sol, 71, 6ºD', '39347', 'Salamanca');
INSERT INTO Customer(IdCustomer,FirstName,LastName1,LastName2,Sex,NIF,BirthDate,AddressLine,ZipCode,City) VALUES(97, 'María', 'Martínez', 'Pérez', 'Male', '55594843P', '1995-06-09', 'Calle Mayor, 30, 2ºF', '26243', 'Granada');
INSERT INTO Customer(IdCustomer,FirstName,LastName1,LastName2,Sex,NIF,BirthDate,AddressLine,ZipCode,City) VALUES(98, 'José', 'Hernández', 'Gómez', 'Female', '94685056M', '1950-02-26', 'Calle Mayor, 57, 9ºB', '51470', 'Barcelona');
INSERT INTO Customer(IdCustomer,FirstName,LastName1,LastName2,Sex,NIF,BirthDate,AddressLine,ZipCode,City) VALUES(99, 'Miguel', 'Moreno', 'García', 'Male', '16639461U', '1955-10-06', 'Calle Mayor, 79, 0ºC', '36527', 'Málaga');
INSERT INTO Customer(IdCustomer,FirstName,LastName1,LastName2,Sex,NIF,BirthDate,AddressLine,ZipCode,City) VALUES(100, 'Javier', 'López', 'Ruiz', 'Male', '51937801V', '1970-12-11', 'Calle Gran Vía, 85, 4ºC', '36277', 'Bilbao');
INSERT INTO Customer(IdCustomer,FirstName,LastName1,LastName2,Sex,NIF,BirthDate,AddressLine,ZipCode,City) VALUES(101, 'Marta', 'Martínez', 'Moreno', 'Female', '39107882A', '1970-02-23', 'Paseo de la Castellana, 28, 8ºA', '24142', 'Salamanca');
INSERT INTO Customer(IdCustomer,FirstName,LastName1,LastName2,Sex,NIF,BirthDate,AddressLine,ZipCode,City) VALUES(102, 'Carmen', 'García', 'Díaz', 'Male', '76689426V', '1992-02-05', 'Calle Gran Vía, 65, 9ºE', '36817', 'Valencia');
INSERT INTO Customer(IdCustomer,FirstName,LastName1,LastName2,Sex,NIF,BirthDate,AddressLine,ZipCode,City) VALUES(103, 'Marta', 'López', 'Hernández', 'Female', '57256081E', '1967-08-25', 'Calle Real, 30, 7ºC', '28491', 'Madrid');
INSERT INTO Customer(IdCustomer,FirstName,LastName1,LastName2,Sex,NIF,BirthDate,AddressLine,ZipCode,City) VALUES(104, 'Manuel', 'Díaz', 'Gómez', 'Male', '49368572E', '1964-05-30', 'Paseo de la Castellana, 52, 7ºD', '38234', 'Bilbao');
INSERT INTO Customer(IdCustomer,FirstName,LastName1,LastName2,Sex,NIF,BirthDate,AddressLine,ZipCode,City) VALUES(105, 'Ana', 'López', 'López', 'Male', '81708652J', '1980-04-28', 'Calle Gran Vía, 39, 4ºE', '44467', 'Granada');
INSERT INTO Customer(IdCustomer,FirstName,LastName1,LastName2,Sex,NIF,BirthDate,AddressLine,ZipCode,City) VALUES(106, 'Juan', 'Díaz', 'Pérez', 'Male', '91194132U', '1970-08-22', 'Paseo de la Castellana, 74, 6ºA', '45542', 'Barcelona');
INSERT INTO Customer(IdCustomer,FirstName,LastName1,LastName2,Sex,NIF,BirthDate,AddressLine,ZipCode,City) VALUES(107, 'Javier', 'Ruiz', 'Ruiz', 'Male', '19356842O', '1978-11-09', 'Avenida de la Constitución, 38, 1ºA', '22155', 'Málaga');
INSERT INTO Customer(IdCustomer,FirstName,LastName1,LastName2,Sex,NIF,BirthDate,AddressLine,ZipCode,City) VALUES(108, 'Sofía', 'García', 'Sánchez', 'Female', '88265290Z', '1960-10-16', 'Paseo de la Castellana, 89, 5ºD', '13679', 'Sevilla');
INSERT INTO Customer(IdCustomer,FirstName,LastName1,LastName2,Sex,NIF,BirthDate,AddressLine,ZipCode,City) VALUES(109, 'Luis', 'Gómez', 'Sánchez', 'Female', '90867491Z', '1981-05-16', 'Calle Gran Vía, 45, 2ºB', '16341', 'Málaga');
INSERT INTO Customer(IdCustomer,FirstName,LastName1,LastName2,Sex,NIF,BirthDate,AddressLine,ZipCode,City) VALUES(110, 'Javier', 'García', 'Hernández', 'Male', '63235075J', '1954-11-28', 'Calle Gran Vía, 32, 10ºB', '41872', 'Salamanca');
INSERT INTO Customer(IdCustomer,FirstName,LastName1,LastName2,Sex,NIF,BirthDate,AddressLine,ZipCode,City) VALUES(111, 'María', 'Pérez', 'Hernández', 'Female', '14186270J', '1975-08-10', 'Paseo de la Castellana, 63, 10ºA', '20945', 'Granada');
INSERT INTO Customer(IdCustomer,FirstName,LastName1,LastName2,Sex,NIF,BirthDate,AddressLine,ZipCode,City) VALUES(112, 'Miguel', 'Ruiz', 'Sánchez', 'Male', '12160722L', '1971-12-24', 'Plaza del Sol, 1, 2ºC', '12519', 'Sevilla');
INSERT INTO Customer(IdCustomer,FirstName,LastName1,LastName2,Sex,NIF,BirthDate,AddressLine,ZipCode,City) VALUES(113, 'Josefa', 'Moreno', 'Moreno', 'Male', '48171096M', '1972-10-21', 'Paseo de la Castellana, 67, 9ºD', '38951', 'Madrid');
INSERT INTO Customer(IdCustomer,FirstName,LastName1,LastName2,Sex,NIF,BirthDate,AddressLine,ZipCode,City) VALUES(114, 'Manuel', 'Ruiz', 'Sánchez', 'Male', '78668569S', '1983-04-20', 'Paseo de la Castellana, 10, 8ºD', '39534', 'Toledo');
INSERT INTO Customer(IdCustomer,FirstName,LastName1,LastName2,Sex,NIF,BirthDate,AddressLine,ZipCode,City) VALUES(115, 'David', 'García', 'Ruiz', 'Female', '87761985F', '1988-10-29', 'Plaza del Sol, 47, 7ºE', '20276', 'Salamanca');
INSERT INTO Customer(IdCustomer,FirstName,LastName1,LastName2,Sex,NIF,BirthDate,AddressLine,ZipCode,City) VALUES(116, 'Carmen', 'Pérez', 'Díaz', 'Female', '22813819N', '1971-11-19', 'Plaza del Sol, 28, 2ºB', '37211', 'Barcelona');
INSERT INTO Customer(IdCustomer,FirstName,LastName1,LastName2,Sex,NIF,BirthDate,AddressLine,ZipCode,City) VALUES(117, 'Laura', 'Moreno', 'Martínez', 'Female', '40031693M', '1966-07-06', 'Calle Gran Vía, 53, 8ºB', '27515', 'Toledo');
INSERT INTO Customer(IdCustomer,FirstName,LastName1,LastName2,Sex,NIF,BirthDate,AddressLine,ZipCode,City) VALUES(118, 'Carmen', 'Ruiz', 'Martínez', 'Female', '34488187K', '1972-11-25', 'Calle Mayor, 50, 9ºE', '21388', 'Madrid');
INSERT INTO Customer(IdCustomer,FirstName,LastName1,LastName2,Sex,NIF,BirthDate,AddressLine,ZipCode,City) VALUES(119, 'Marta', 'García', 'López', 'Male', '62677990L', '1971-04-23', 'Calle Mayor, 30, 7ºC', '22022', 'Toledo');
INSERT INTO Customer(IdCustomer,FirstName,LastName1,LastName2,Sex,NIF,BirthDate,AddressLine,ZipCode,City) VALUES(120, 'Javier', 'García', 'Sánchez', 'Female', '34786373L', '1983-04-24', 'Calle Real, 46, 6ºE', '28660', 'Valencia');
INSERT INTO Account(IdAccount,AccountNumber,OpeningDate,Balance,IsActive,FkAccountType) VALUES(1, 'ES315976166310', '2019-08-28', 1723.36, TRUE, 1);
INSERT INTO AccountCustomer(IdAccountCustomer,HolderType,FkAccount,FkCustomer) VALUES(1, 'Primary', 1, 1);
INSERT INTO Account(IdAccount,AccountNumber,OpeningDate,Balance,IsActive,FkAccountType) VALUES(2, 'ES576130832911', '2015-03-24', 4527.21, TRUE, 2);
INSERT INTO AccountCustomer(IdAccountCustomer,HolderType,FkAccount,FkCustomer) VALUES(2, 'Primary', 2, 1);
INSERT INTO Account(IdAccount,AccountNumber,OpeningDate,Balance,IsActive,FkAccountType) VALUES(3, 'ES501372761687', '2019-05-05', 3374.11, TRUE, 2);
INSERT INTO AccountCustomer(IdAccountCustomer,HolderType,FkAccount,FkCustomer) VALUES(3, 'Primary', 3, 2);
INSERT INTO Account(IdAccount,AccountNumber,OpeningDate,Balance,IsActive,FkAccountType) VALUES(4, 'ES916969721328', '2021-10-17', 796.66, TRUE, 1);
INSERT INTO AccountCustomer(IdAccountCustomer,HolderType,FkAccount,FkCustomer) VALUES(4, 'Primary', 4, 3);
INSERT INTO Account(IdAccount,AccountNumber,OpeningDate,Balance,IsActive,FkAccountType) VALUES(5, 'ES792138986858', '2022-03-18', 3359.07, TRUE, 2);
INSERT INTO AccountCustomer(IdAccountCustomer,HolderType,FkAccount,FkCustomer) VALUES(5, 'Primary', 5, 3);
INSERT INTO Account(IdAccount,AccountNumber,OpeningDate,Balance,IsActive,FkAccountType) VALUES(6, 'ES568651360853', '2016-05-04', 1451.9, TRUE, 1);
INSERT INTO AccountCustomer(IdAccountCustomer,HolderType,FkAccount,FkCustomer) VALUES(6, 'Primary', 6, 4);
INSERT INTO Account(IdAccount,AccountNumber,OpeningDate,Balance,IsActive,FkAccountType) VALUES(7, 'ES638893445059', '2020-06-14', 2527.78, TRUE, 1);
INSERT INTO AccountCustomer(IdAccountCustomer,HolderType,FkAccount,FkCustomer) VALUES(7, 'Primary', 7, 4);
INSERT INTO Account(IdAccount,AccountNumber,OpeningDate,Balance,IsActive,FkAccountType) VALUES(8, 'ES612772835089', '2018-01-25', 4700.73, TRUE, 1);
INSERT INTO AccountCustomer(IdAccountCustomer,HolderType,FkAccount,FkCustomer) VALUES(8, 'Primary', 8, 5);
INSERT INTO Account(IdAccount,AccountNumber,OpeningDate,Balance,IsActive,FkAccountType) VALUES(9, 'ES153592528020', '2020-09-27', 4131.16, TRUE, 2);
INSERT INTO AccountCustomer(IdAccountCustomer,HolderType,FkAccount,FkCustomer) VALUES(9, 'Primary', 9, 6);
INSERT INTO Account(IdAccount,AccountNumber,OpeningDate,Balance,IsActive,FkAccountType) VALUES(10, 'ES525173605185', '2017-09-27', 3425.48, TRUE, 2);
INSERT INTO AccountCustomer(IdAccountCustomer,HolderType,FkAccount,FkCustomer) VALUES(10, 'Primary', 10, 6);
INSERT INTO Account(IdAccount,AccountNumber,OpeningDate,Balance,IsActive,FkAccountType) VALUES(11, 'ES316814945315', '2019-11-13', 3984.97, TRUE, 2);
INSERT INTO AccountCustomer(IdAccountCustomer,HolderType,FkAccount,FkCustomer) VALUES(11, 'Primary', 11, 7);
INSERT INTO Account(IdAccount,AccountNumber,OpeningDate,Balance,IsActive,FkAccountType) VALUES(12, 'ES101424053183', '2015-09-12', 4383.16, TRUE, 2);
INSERT INTO AccountCustomer(IdAccountCustomer,HolderType,FkAccount,FkCustomer) VALUES(12, 'Primary', 12, 7);
INSERT INTO Account(IdAccount,AccountNumber,OpeningDate,Balance,IsActive,FkAccountType) VALUES(13, 'ES813162883231', '2020-10-16', 3820.31, TRUE, 2);
INSERT INTO AccountCustomer(IdAccountCustomer,HolderType,FkAccount,FkCustomer) VALUES(13, 'Primary', 13, 8);
INSERT INTO Account(IdAccount,AccountNumber,OpeningDate,Balance,IsActive,FkAccountType) VALUES(14, 'ES831514406891', '2021-05-25', 4776.19, TRUE, 1);
INSERT INTO AccountCustomer(IdAccountCustomer,HolderType,FkAccount,FkCustomer) VALUES(14, 'Primary', 14, 9);
INSERT INTO Account(IdAccount,AccountNumber,OpeningDate,Balance,IsActive,FkAccountType) VALUES(15, 'ES494486358455', '2016-04-23', 2751.03, TRUE, 2);
INSERT INTO AccountCustomer(IdAccountCustomer,HolderType,FkAccount,FkCustomer) VALUES(15, 'Primary', 15, 9);
INSERT INTO Account(IdAccount,AccountNumber,OpeningDate,Balance,IsActive,FkAccountType) VALUES(16, 'ES806978160413', '2016-10-06', 3986.8, TRUE, 2);
INSERT INTO AccountCustomer(IdAccountCustomer,HolderType,FkAccount,FkCustomer) VALUES(16, 'Primary', 16, 10);
INSERT INTO Account(IdAccount,AccountNumber,OpeningDate,Balance,IsActive,FkAccountType) VALUES(17, 'ES717239837617', '2021-12-10', 1536.51, TRUE, 2);
INSERT INTO AccountCustomer(IdAccountCustomer,HolderType,FkAccount,FkCustomer) VALUES(17, 'Primary', 17, 10);
INSERT INTO Account(IdAccount,AccountNumber,OpeningDate,Balance,IsActive,FkAccountType) VALUES(18, 'ES573407048193', '2017-06-18', 379.04, TRUE, 2);
INSERT INTO AccountCustomer(IdAccountCustomer,HolderType,FkAccount,FkCustomer) VALUES(18, 'Primary', 18, 11);
INSERT INTO Account(IdAccount,AccountNumber,OpeningDate,Balance,IsActive,FkAccountType) VALUES(19, 'ES144330276647', '2017-02-12', 960.36, TRUE, 2);
INSERT INTO AccountCustomer(IdAccountCustomer,HolderType,FkAccount,FkCustomer) VALUES(19, 'Primary', 19, 12);
INSERT INTO Account(IdAccount,AccountNumber,OpeningDate,Balance,IsActive,FkAccountType) VALUES(20, 'ES183353760623', '2015-02-13', 1024.15, TRUE, 1);
INSERT INTO AccountCustomer(IdAccountCustomer,HolderType,FkAccount,FkCustomer) VALUES(20, 'Primary', 20, 13);
INSERT INTO Account(IdAccount,AccountNumber,OpeningDate,Balance,IsActive,FkAccountType) VALUES(21, 'ES109222258077', '2017-11-25', 4426.28, TRUE, 2);
INSERT INTO AccountCustomer(IdAccountCustomer,HolderType,FkAccount,FkCustomer) VALUES(21, 'Primary', 21, 13);
INSERT INTO Account(IdAccount,AccountNumber,OpeningDate,Balance,IsActive,FkAccountType) VALUES(22, 'ES558996373434', '2020-01-06', 1893.36, TRUE, 2);
INSERT INTO AccountCustomer(IdAccountCustomer,HolderType,FkAccount,FkCustomer) VALUES(22, 'Primary', 22, 14);
INSERT INTO Account(IdAccount,AccountNumber,OpeningDate,Balance,IsActive,FkAccountType) VALUES(23, 'ES751848630344', '2018-10-18', 3316.27, TRUE, 1);
INSERT INTO AccountCustomer(IdAccountCustomer,HolderType,FkAccount,FkCustomer) VALUES(23, 'Primary', 23, 15);
INSERT INTO Account(IdAccount,AccountNumber,OpeningDate,Balance,IsActive,FkAccountType) VALUES(24, 'ES115052759487', '2016-10-17', 1912.39, TRUE, 2);
INSERT INTO AccountCustomer(IdAccountCustomer,HolderType,FkAccount,FkCustomer) VALUES(24, 'Primary', 24, 15);
INSERT INTO Account(IdAccount,AccountNumber,OpeningDate,Balance,IsActive,FkAccountType) VALUES(25, 'ES698999907197', '2021-06-10', 634.57, TRUE, 2);
INSERT INTO AccountCustomer(IdAccountCustomer,HolderType,FkAccount,FkCustomer) VALUES(25, 'Primary', 25, 16);
INSERT INTO Account(IdAccount,AccountNumber,OpeningDate,Balance,IsActive,FkAccountType) VALUES(26, 'ES950222504931', '2022-11-09', 2914.12, TRUE, 2);
INSERT INTO AccountCustomer(IdAccountCustomer,HolderType,FkAccount,FkCustomer) VALUES(26, 'Primary', 26, 17);
INSERT INTO Account(IdAccount,AccountNumber,OpeningDate,Balance,IsActive,FkAccountType) VALUES(27, 'ES199068693139', '2021-09-09', 844.48, TRUE, 1);
INSERT INTO AccountCustomer(IdAccountCustomer,HolderType,FkAccount,FkCustomer) VALUES(27, 'Primary', 27, 18);
INSERT INTO Account(IdAccount,AccountNumber,OpeningDate,Balance,IsActive,FkAccountType) VALUES(28, 'ES780571414337', '2015-01-14', 3984.17, TRUE, 1);
INSERT INTO AccountCustomer(IdAccountCustomer,HolderType,FkAccount,FkCustomer) VALUES(28, 'Primary', 28, 19);
INSERT INTO Account(IdAccount,AccountNumber,OpeningDate,Balance,IsActive,FkAccountType) VALUES(29, 'ES550148761021', '2022-03-30', 3979.8, TRUE, 1);
INSERT INTO AccountCustomer(IdAccountCustomer,HolderType,FkAccount,FkCustomer) VALUES(29, 'Primary', 29, 20);
INSERT INTO Account(IdAccount,AccountNumber,OpeningDate,Balance,IsActive,FkAccountType) VALUES(30, 'ES422959264032', '2017-04-12', 449.18, TRUE, 2);
INSERT INTO AccountCustomer(IdAccountCustomer,HolderType,FkAccount,FkCustomer) VALUES(30, 'Primary', 30, 20);
INSERT INTO Account(IdAccount,AccountNumber,OpeningDate,Balance,IsActive,FkAccountType) VALUES(31, 'ES293751251948', '2016-09-12', 2043.58, TRUE, 2);
INSERT INTO AccountCustomer(IdAccountCustomer,HolderType,FkAccount,FkCustomer) VALUES(31, 'Primary', 31, 21);
INSERT INTO Account(IdAccount,AccountNumber,OpeningDate,Balance,IsActive,FkAccountType) VALUES(32, 'ES802109154785', '2016-07-26', 4324.02, TRUE, 1);
INSERT INTO AccountCustomer(IdAccountCustomer,HolderType,FkAccount,FkCustomer) VALUES(32, 'Primary', 32, 22);
INSERT INTO Account(IdAccount,AccountNumber,OpeningDate,Balance,IsActive,FkAccountType) VALUES(33, 'ES494322121183', '2015-04-09', 1721.64, TRUE, 1);
INSERT INTO AccountCustomer(IdAccountCustomer,HolderType,FkAccount,FkCustomer) VALUES(33, 'Primary', 33, 23);
INSERT INTO Account(IdAccount,AccountNumber,OpeningDate,Balance,IsActive,FkAccountType) VALUES(34, 'ES251010192253', '2015-11-20', 4393.25, TRUE, 2);
INSERT INTO AccountCustomer(IdAccountCustomer,HolderType,FkAccount,FkCustomer) VALUES(34, 'Primary', 34, 24);
INSERT INTO Account(IdAccount,AccountNumber,OpeningDate,Balance,IsActive,FkAccountType) VALUES(35, 'ES412956179415', '2019-04-27', 3631.87, TRUE, 2);
INSERT INTO AccountCustomer(IdAccountCustomer,HolderType,FkAccount,FkCustomer) VALUES(35, 'Primary', 35, 25);
INSERT INTO Account(IdAccount,AccountNumber,OpeningDate,Balance,IsActive,FkAccountType) VALUES(36, 'ES638114266350', '2019-04-06', 2435.71, TRUE, 2);
INSERT INTO AccountCustomer(IdAccountCustomer,HolderType,FkAccount,FkCustomer) VALUES(36, 'Primary', 36, 26);
INSERT INTO Account(IdAccount,AccountNumber,OpeningDate,Balance,IsActive,FkAccountType) VALUES(37, 'ES179957783044', '2017-10-12', 4882.88, TRUE, 1);
INSERT INTO AccountCustomer(IdAccountCustomer,HolderType,FkAccount,FkCustomer) VALUES(37, 'Primary', 37, 26);
INSERT INTO Account(IdAccount,AccountNumber,OpeningDate,Balance,IsActive,FkAccountType) VALUES(38, 'ES821436792384', '2017-12-06', 3874.22, TRUE, 2);
INSERT INTO AccountCustomer(IdAccountCustomer,HolderType,FkAccount,FkCustomer) VALUES(38, 'Primary', 38, 27);
INSERT INTO Account(IdAccount,AccountNumber,OpeningDate,Balance,IsActive,FkAccountType) VALUES(39, 'ES329310413642', '2022-11-07', 2058.35, TRUE, 1);
INSERT INTO AccountCustomer(IdAccountCustomer,HolderType,FkAccount,FkCustomer) VALUES(39, 'Primary', 39, 27);
INSERT INTO Account(IdAccount,AccountNumber,OpeningDate,Balance,IsActive,FkAccountType) VALUES(40, 'ES534831159142', '2019-11-10', 1278.67, TRUE, 2);
INSERT INTO AccountCustomer(IdAccountCustomer,HolderType,FkAccount,FkCustomer) VALUES(40, 'Primary', 40, 28);
INSERT INTO Account(IdAccount,AccountNumber,OpeningDate,Balance,IsActive,FkAccountType) VALUES(41, 'ES472335173250', '2021-06-17', 3478.94, TRUE, 2);
INSERT INTO AccountCustomer(IdAccountCustomer,HolderType,FkAccount,FkCustomer) VALUES(41, 'Primary', 41, 28);
INSERT INTO Account(IdAccount,AccountNumber,OpeningDate,Balance,IsActive,FkAccountType) VALUES(42, 'ES658321943253', '2015-06-23', 469.77, TRUE, 2);
INSERT INTO AccountCustomer(IdAccountCustomer,HolderType,FkAccount,FkCustomer) VALUES(42, 'Primary', 42, 29);
INSERT INTO Account(IdAccount,AccountNumber,OpeningDate,Balance,IsActive,FkAccountType) VALUES(43, 'ES924326628158', '2016-03-21', 4305.31, TRUE, 2);
INSERT INTO AccountCustomer(IdAccountCustomer,HolderType,FkAccount,FkCustomer) VALUES(43, 'Primary', 43, 30);
INSERT INTO Account(IdAccount,AccountNumber,OpeningDate,Balance,IsActive,FkAccountType) VALUES(44, 'ES653644210445', '2021-02-27', 4374.21, TRUE, 2);
INSERT INTO AccountCustomer(IdAccountCustomer,HolderType,FkAccount,FkCustomer) VALUES(44, 'Primary', 44, 30);
INSERT INTO Account(IdAccount,AccountNumber,OpeningDate,Balance,IsActive,FkAccountType) VALUES(45, 'ES283896708681', '2019-02-15', 4962.34, TRUE, 1);
INSERT INTO AccountCustomer(IdAccountCustomer,HolderType,FkAccount,FkCustomer) VALUES(45, 'Primary', 45, 31);
INSERT INTO Account(IdAccount,AccountNumber,OpeningDate,Balance,IsActive,FkAccountType) VALUES(46, 'ES940334265249', '2022-03-15', 3695.15, TRUE, 1);
INSERT INTO AccountCustomer(IdAccountCustomer,HolderType,FkAccount,FkCustomer) VALUES(46, 'Primary', 46, 31);
INSERT INTO Account(IdAccount,AccountNumber,OpeningDate,Balance,IsActive,FkAccountType) VALUES(47, 'ES301670803826', '2018-09-20', 2948.23, TRUE, 2);
INSERT INTO AccountCustomer(IdAccountCustomer,HolderType,FkAccount,FkCustomer) VALUES(47, 'Primary', 47, 32);
INSERT INTO Account(IdAccount,AccountNumber,OpeningDate,Balance,IsActive,FkAccountType) VALUES(48, 'ES715500211976', '2019-06-27', 4001.59, TRUE, 1);
INSERT INTO AccountCustomer(IdAccountCustomer,HolderType,FkAccount,FkCustomer) VALUES(48, 'Primary', 48, 32);
INSERT INTO Account(IdAccount,AccountNumber,OpeningDate,Balance,IsActive,FkAccountType) VALUES(49, 'ES362018215557', '2018-04-01', 1287.28, TRUE, 2);
INSERT INTO AccountCustomer(IdAccountCustomer,HolderType,FkAccount,FkCustomer) VALUES(49, 'Primary', 49, 33);
INSERT INTO Account(IdAccount,AccountNumber,OpeningDate,Balance,IsActive,FkAccountType) VALUES(50, 'ES631378968812', '2019-11-16', 4291.29, TRUE, 1);
INSERT INTO AccountCustomer(IdAccountCustomer,HolderType,FkAccount,FkCustomer) VALUES(50, 'Primary', 50, 33);
INSERT INTO Account(IdAccount,AccountNumber,OpeningDate,Balance,IsActive,FkAccountType) VALUES(51, 'ES561864274938', '2019-01-26', 201.76, TRUE, 2);
INSERT INTO AccountCustomer(IdAccountCustomer,HolderType,FkAccount,FkCustomer) VALUES(51, 'Primary', 51, 34);
INSERT INTO Account(IdAccount,AccountNumber,OpeningDate,Balance,IsActive,FkAccountType) VALUES(52, 'ES110536687189', '2020-11-17', 4398.87, TRUE, 1);
INSERT INTO AccountCustomer(IdAccountCustomer,HolderType,FkAccount,FkCustomer) VALUES(52, 'Primary', 52, 35);
INSERT INTO Account(IdAccount,AccountNumber,OpeningDate,Balance,IsActive,FkAccountType) VALUES(53, 'ES277240049372', '2016-10-29', 224.83, TRUE, 1);
INSERT INTO AccountCustomer(IdAccountCustomer,HolderType,FkAccount,FkCustomer) VALUES(53, 'Primary', 53, 35);
INSERT INTO Account(IdAccount,AccountNumber,OpeningDate,Balance,IsActive,FkAccountType) VALUES(54, 'ES438847231745', '2015-08-26', 1275.72, TRUE, 1);
INSERT INTO AccountCustomer(IdAccountCustomer,HolderType,FkAccount,FkCustomer) VALUES(54, 'Primary', 54, 36);
INSERT INTO Account(IdAccount,AccountNumber,OpeningDate,Balance,IsActive,FkAccountType) VALUES(55, 'ES464637891296', '2019-03-29', 289.9, TRUE, 1);
INSERT INTO AccountCustomer(IdAccountCustomer,HolderType,FkAccount,FkCustomer) VALUES(55, 'Primary', 55, 37);
INSERT INTO Account(IdAccount,AccountNumber,OpeningDate,Balance,IsActive,FkAccountType) VALUES(56, 'ES708498772432', '2022-05-13', 371.99, TRUE, 2);
INSERT INTO AccountCustomer(IdAccountCustomer,HolderType,FkAccount,FkCustomer) VALUES(56, 'Primary', 56, 37);
INSERT INTO Account(IdAccount,AccountNumber,OpeningDate,Balance,IsActive,FkAccountType) VALUES(57, 'ES693823917690', '2016-12-19', 2380.97, TRUE, 2);
INSERT INTO AccountCustomer(IdAccountCustomer,HolderType,FkAccount,FkCustomer) VALUES(57, 'Primary', 57, 38);
INSERT INTO Account(IdAccount,AccountNumber,OpeningDate,Balance,IsActive,FkAccountType) VALUES(58, 'ES494666966138', '2020-10-15', 1188.18, TRUE, 2);
INSERT INTO AccountCustomer(IdAccountCustomer,HolderType,FkAccount,FkCustomer) VALUES(58, 'Primary', 58, 39);
INSERT INTO Account(IdAccount,AccountNumber,OpeningDate,Balance,IsActive,FkAccountType) VALUES(59, 'ES706559972696', '2016-12-01', 3719.22, TRUE, 2);
INSERT INTO AccountCustomer(IdAccountCustomer,HolderType,FkAccount,FkCustomer) VALUES(59, 'Primary', 59, 40);
INSERT INTO Account(IdAccount,AccountNumber,OpeningDate,Balance,IsActive,FkAccountType) VALUES(60, 'ES467236383747', '2017-07-28', 2427.76, TRUE, 1);
INSERT INTO AccountCustomer(IdAccountCustomer,HolderType,FkAccount,FkCustomer) VALUES(60, 'Primary', 60, 40);
INSERT INTO Account(IdAccount,AccountNumber,OpeningDate,Balance,IsActive,FkAccountType) VALUES(61, 'ES979417671313', '2019-06-16', 4371.58, TRUE, 2);
INSERT INTO AccountCustomer(IdAccountCustomer,HolderType,FkAccount,FkCustomer) VALUES(61, 'Primary', 61, 41);
INSERT INTO Account(IdAccount,AccountNumber,OpeningDate,Balance,IsActive,FkAccountType) VALUES(62, 'ES866520729974', '2022-03-04', 3970.18, TRUE, 1);
INSERT INTO AccountCustomer(IdAccountCustomer,HolderType,FkAccount,FkCustomer) VALUES(62, 'Primary', 62, 41);
INSERT INTO Account(IdAccount,AccountNumber,OpeningDate,Balance,IsActive,FkAccountType) VALUES(63, 'ES133674405441', '2019-04-22', 1008.17, TRUE, 1);
INSERT INTO AccountCustomer(IdAccountCustomer,HolderType,FkAccount,FkCustomer) VALUES(63, 'Primary', 63, 42);
INSERT INTO Account(IdAccount,AccountNumber,OpeningDate,Balance,IsActive,FkAccountType) VALUES(64, 'ES249943791029', '2015-12-23', 3496.09, TRUE, 2);
INSERT INTO AccountCustomer(IdAccountCustomer,HolderType,FkAccount,FkCustomer) VALUES(64, 'Primary', 64, 42);
INSERT INTO Account(IdAccount,AccountNumber,OpeningDate,Balance,IsActive,FkAccountType) VALUES(65, 'ES179736496963', '2016-12-18', 3668.66, TRUE, 1);
INSERT INTO AccountCustomer(IdAccountCustomer,HolderType,FkAccount,FkCustomer) VALUES(65, 'Primary', 65, 43);
INSERT INTO Account(IdAccount,AccountNumber,OpeningDate,Balance,IsActive,FkAccountType) VALUES(66, 'ES977508604197', '2021-05-14', 4348.07, TRUE, 1);
INSERT INTO AccountCustomer(IdAccountCustomer,HolderType,FkAccount,FkCustomer) VALUES(66, 'Primary', 66, 44);
INSERT INTO Account(IdAccount,AccountNumber,OpeningDate,Balance,IsActive,FkAccountType) VALUES(67, 'ES536651163963', '2022-04-24', 2695.22, TRUE, 2);
INSERT INTO AccountCustomer(IdAccountCustomer,HolderType,FkAccount,FkCustomer) VALUES(67, 'Primary', 67, 44);
INSERT INTO Account(IdAccount,AccountNumber,OpeningDate,Balance,IsActive,FkAccountType) VALUES(68, 'ES380866551112', '2019-08-20', 1081.05, TRUE, 1);
INSERT INTO AccountCustomer(IdAccountCustomer,HolderType,FkAccount,FkCustomer) VALUES(68, 'Primary', 68, 45);
INSERT INTO Account(IdAccount,AccountNumber,OpeningDate,Balance,IsActive,FkAccountType) VALUES(69, 'ES332407121475', '2018-01-28', 686.07, TRUE, 2);
INSERT INTO AccountCustomer(IdAccountCustomer,HolderType,FkAccount,FkCustomer) VALUES(69, 'Primary', 69, 45);
INSERT INTO Account(IdAccount,AccountNumber,OpeningDate,Balance,IsActive,FkAccountType) VALUES(70, 'ES625060649531', '2016-03-10', 2542.11, TRUE, 1);
INSERT INTO AccountCustomer(IdAccountCustomer,HolderType,FkAccount,FkCustomer) VALUES(70, 'Primary', 70, 46);
INSERT INTO Account(IdAccount,AccountNumber,OpeningDate,Balance,IsActive,FkAccountType) VALUES(71, 'ES971731835427', '2020-06-06', 2440.52, TRUE, 2);
INSERT INTO AccountCustomer(IdAccountCustomer,HolderType,FkAccount,FkCustomer) VALUES(71, 'Primary', 71, 46);
INSERT INTO Account(IdAccount,AccountNumber,OpeningDate,Balance,IsActive,FkAccountType) VALUES(72, 'ES352879186977', '2017-11-17', 3508.43, TRUE, 1);
INSERT INTO AccountCustomer(IdAccountCustomer,HolderType,FkAccount,FkCustomer) VALUES(72, 'Primary', 72, 47);
INSERT INTO Account(IdAccount,AccountNumber,OpeningDate,Balance,IsActive,FkAccountType) VALUES(73, 'ES227000888976', '2015-09-25', 195.79, TRUE, 1);
INSERT INTO AccountCustomer(IdAccountCustomer,HolderType,FkAccount,FkCustomer) VALUES(73, 'Primary', 73, 47);
INSERT INTO Account(IdAccount,AccountNumber,OpeningDate,Balance,IsActive,FkAccountType) VALUES(74, 'ES727376401561', '2019-03-30', 2658.77, TRUE, 2);
INSERT INTO AccountCustomer(IdAccountCustomer,HolderType,FkAccount,FkCustomer) VALUES(74, 'Primary', 74, 48);
INSERT INTO Account(IdAccount,AccountNumber,OpeningDate,Balance,IsActive,FkAccountType) VALUES(75, 'ES769366134781', '2016-07-23', 3546.96, TRUE, 1);
INSERT INTO AccountCustomer(IdAccountCustomer,HolderType,FkAccount,FkCustomer) VALUES(75, 'Primary', 75, 49);
INSERT INTO Account(IdAccount,AccountNumber,OpeningDate,Balance,IsActive,FkAccountType) VALUES(76, 'ES450088675183', '2016-01-30', 4453.72, TRUE, 2);
INSERT INTO AccountCustomer(IdAccountCustomer,HolderType,FkAccount,FkCustomer) VALUES(76, 'Primary', 76, 50);
INSERT INTO Account(IdAccount,AccountNumber,OpeningDate,Balance,IsActive,FkAccountType) VALUES(77, 'ES854577118673', '2021-02-17', 2167.55, TRUE, 2);
INSERT INTO AccountCustomer(IdAccountCustomer,HolderType,FkAccount,FkCustomer) VALUES(77, 'Primary', 77, 51);
INSERT INTO Account(IdAccount,AccountNumber,OpeningDate,Balance,IsActive,FkAccountType) VALUES(78, 'ES436415007643', '2015-09-21', 1726.94, TRUE, 1);
INSERT INTO AccountCustomer(IdAccountCustomer,HolderType,FkAccount,FkCustomer) VALUES(78, 'Primary', 78, 51);
INSERT INTO Account(IdAccount,AccountNumber,OpeningDate,Balance,IsActive,FkAccountType) VALUES(79, 'ES491851097171', '2018-03-19', 3228.24, TRUE, 2);
INSERT INTO AccountCustomer(IdAccountCustomer,HolderType,FkAccount,FkCustomer) VALUES(79, 'Primary', 79, 52);
INSERT INTO Account(IdAccount,AccountNumber,OpeningDate,Balance,IsActive,FkAccountType) VALUES(80, 'ES305897861377', '2017-09-06', 2623.19, TRUE, 1);
INSERT INTO AccountCustomer(IdAccountCustomer,HolderType,FkAccount,FkCustomer) VALUES(80, 'Primary', 80, 52);
INSERT INTO Account(IdAccount,AccountNumber,OpeningDate,Balance,IsActive,FkAccountType) VALUES(81, 'ES789232352744', '2018-11-01', 4619.42, TRUE, 1);
INSERT INTO AccountCustomer(IdAccountCustomer,HolderType,FkAccount,FkCustomer) VALUES(81, 'Primary', 81, 53);
INSERT INTO Account(IdAccount,AccountNumber,OpeningDate,Balance,IsActive,FkAccountType) VALUES(82, 'ES406227120282', '2020-03-03', 4005.8, TRUE, 1);
INSERT INTO AccountCustomer(IdAccountCustomer,HolderType,FkAccount,FkCustomer) VALUES(82, 'Primary', 82, 54);
INSERT INTO Account(IdAccount,AccountNumber,OpeningDate,Balance,IsActive,FkAccountType) VALUES(83, 'ES258995019389', '2018-02-06', 4831.69, TRUE, 1);
INSERT INTO AccountCustomer(IdAccountCustomer,HolderType,FkAccount,FkCustomer) VALUES(83, 'Primary', 83, 54);
INSERT INTO Account(IdAccount,AccountNumber,OpeningDate,Balance,IsActive,FkAccountType) VALUES(84, 'ES607152818944', '2022-08-04', 697.88, TRUE, 1);
INSERT INTO AccountCustomer(IdAccountCustomer,HolderType,FkAccount,FkCustomer) VALUES(84, 'Primary', 84, 55);
INSERT INTO Account(IdAccount,AccountNumber,OpeningDate,Balance,IsActive,FkAccountType) VALUES(85, 'ES111036515256', '2021-11-17', 1650.95, TRUE, 1);
INSERT INTO AccountCustomer(IdAccountCustomer,HolderType,FkAccount,FkCustomer) VALUES(85, 'Primary', 85, 56);
INSERT INTO Account(IdAccount,AccountNumber,OpeningDate,Balance,IsActive,FkAccountType) VALUES(86, 'ES934830030814', '2020-09-02', 4057.85, TRUE, 2);
INSERT INTO AccountCustomer(IdAccountCustomer,HolderType,FkAccount,FkCustomer) VALUES(86, 'Primary', 86, 57);
INSERT INTO Account(IdAccount,AccountNumber,OpeningDate,Balance,IsActive,FkAccountType) VALUES(87, 'ES439976492079', '2015-05-09', 1043.1, TRUE, 1);
INSERT INTO AccountCustomer(IdAccountCustomer,HolderType,FkAccount,FkCustomer) VALUES(87, 'Primary', 87, 58);
INSERT INTO Account(IdAccount,AccountNumber,OpeningDate,Balance,IsActive,FkAccountType) VALUES(88, 'ES320986591062', '2015-04-12', 599.96, TRUE, 2);
INSERT INTO AccountCustomer(IdAccountCustomer,HolderType,FkAccount,FkCustomer) VALUES(88, 'Primary', 88, 59);
INSERT INTO Account(IdAccount,AccountNumber,OpeningDate,Balance,IsActive,FkAccountType) VALUES(89, 'ES282538802452', '2018-07-20', 4255.8, TRUE, 1);
INSERT INTO AccountCustomer(IdAccountCustomer,HolderType,FkAccount,FkCustomer) VALUES(89, 'Primary', 89, 60);
INSERT INTO Account(IdAccount,AccountNumber,OpeningDate,Balance,IsActive,FkAccountType) VALUES(90, 'ES931324937558', '2020-03-02', 3171.22, TRUE, 1);
INSERT INTO AccountCustomer(IdAccountCustomer,HolderType,FkAccount,FkCustomer) VALUES(90, 'Primary', 90, 60);
INSERT INTO Account(IdAccount,AccountNumber,OpeningDate,Balance,IsActive,FkAccountType) VALUES(91, 'ES220817156427', '2018-04-10', 4673.29, TRUE, 1);
INSERT INTO AccountCustomer(IdAccountCustomer,HolderType,FkAccount,FkCustomer) VALUES(91, 'Primary', 91, 61);
INSERT INTO Account(IdAccount,AccountNumber,OpeningDate,Balance,IsActive,FkAccountType) VALUES(92, 'ES769664829089', '2020-03-14', 4670.46, TRUE, 1);
INSERT INTO AccountCustomer(IdAccountCustomer,HolderType,FkAccount,FkCustomer) VALUES(92, 'Primary', 92, 62);
INSERT INTO Account(IdAccount,AccountNumber,OpeningDate,Balance,IsActive,FkAccountType) VALUES(93, 'ES915934914354', '2022-09-05', 3566.18, TRUE, 1);
INSERT INTO AccountCustomer(IdAccountCustomer,HolderType,FkAccount,FkCustomer) VALUES(93, 'Primary', 93, 63);
INSERT INTO Account(IdAccount,AccountNumber,OpeningDate,Balance,IsActive,FkAccountType) VALUES(94, 'ES691798247071', '2020-03-22', 3921.14, TRUE, 2);
INSERT INTO AccountCustomer(IdAccountCustomer,HolderType,FkAccount,FkCustomer) VALUES(94, 'Primary', 94, 64);
INSERT INTO Account(IdAccount,AccountNumber,OpeningDate,Balance,IsActive,FkAccountType) VALUES(95, 'ES140637616381', '2016-03-15', 165.5, TRUE, 2);
INSERT INTO AccountCustomer(IdAccountCustomer,HolderType,FkAccount,FkCustomer) VALUES(95, 'Primary', 95, 65);
INSERT INTO Account(IdAccount,AccountNumber,OpeningDate,Balance,IsActive,FkAccountType) VALUES(96, 'ES846811651872', '2020-05-15', 992.86, TRUE, 2);
INSERT INTO AccountCustomer(IdAccountCustomer,HolderType,FkAccount,FkCustomer) VALUES(96, 'Primary', 96, 66);
INSERT INTO Account(IdAccount,AccountNumber,OpeningDate,Balance,IsActive,FkAccountType) VALUES(97, 'ES891507757674', '2017-10-07', 1264.31, TRUE, 2);
INSERT INTO AccountCustomer(IdAccountCustomer,HolderType,FkAccount,FkCustomer) VALUES(97, 'Primary', 97, 67);
INSERT INTO Account(IdAccount,AccountNumber,OpeningDate,Balance,IsActive,FkAccountType) VALUES(98, 'ES551828112769', '2022-05-03', 2583.15, TRUE, 1);
INSERT INTO AccountCustomer(IdAccountCustomer,HolderType,FkAccount,FkCustomer) VALUES(98, 'Primary', 98, 67);
INSERT INTO Account(IdAccount,AccountNumber,OpeningDate,Balance,IsActive,FkAccountType) VALUES(99, 'ES721087934135', '2018-07-23', 1740.85, TRUE, 1);
INSERT INTO AccountCustomer(IdAccountCustomer,HolderType,FkAccount,FkCustomer) VALUES(99, 'Primary', 99, 68);
INSERT INTO Account(IdAccount,AccountNumber,OpeningDate,Balance,IsActive,FkAccountType) VALUES(100, 'ES102328324059', '2018-07-22', 503.53, TRUE, 2);
INSERT INTO AccountCustomer(IdAccountCustomer,HolderType,FkAccount,FkCustomer) VALUES(100, 'Primary', 100, 68);
INSERT INTO Account(IdAccount,AccountNumber,OpeningDate,Balance,IsActive,FkAccountType) VALUES(101, 'ES547588165631', '2021-01-10', 3306.93, TRUE, 2);
INSERT INTO AccountCustomer(IdAccountCustomer,HolderType,FkAccount,FkCustomer) VALUES(101, 'Primary', 101, 69);
INSERT INTO Account(IdAccount,AccountNumber,OpeningDate,Balance,IsActive,FkAccountType) VALUES(102, 'ES446440339551', '2018-01-20', 3306.44, TRUE, 1);
INSERT INTO AccountCustomer(IdAccountCustomer,HolderType,FkAccount,FkCustomer) VALUES(102, 'Primary', 102, 70);
INSERT INTO Account(IdAccount,AccountNumber,OpeningDate,Balance,IsActive,FkAccountType) VALUES(103, 'ES950261476599', '2015-07-17', 1891.85, TRUE, 1);
INSERT INTO AccountCustomer(IdAccountCustomer,HolderType,FkAccount,FkCustomer) VALUES(103, 'Primary', 103, 70);
INSERT INTO Account(IdAccount,AccountNumber,OpeningDate,Balance,IsActive,FkAccountType) VALUES(104, 'ES373731976139', '2015-08-11', 1062.48, TRUE, 1);
INSERT INTO AccountCustomer(IdAccountCustomer,HolderType,FkAccount,FkCustomer) VALUES(104, 'Primary', 104, 71);
INSERT INTO Account(IdAccount,AccountNumber,OpeningDate,Balance,IsActive,FkAccountType) VALUES(105, 'ES783476839326', '2021-12-20', 1970.25, TRUE, 1);
INSERT INTO AccountCustomer(IdAccountCustomer,HolderType,FkAccount,FkCustomer) VALUES(105, 'Primary', 105, 72);
INSERT INTO Account(IdAccount,AccountNumber,OpeningDate,Balance,IsActive,FkAccountType) VALUES(106, 'ES795388029536', '2016-11-12', 804.47, TRUE, 1);
INSERT INTO AccountCustomer(IdAccountCustomer,HolderType,FkAccount,FkCustomer) VALUES(106, 'Primary', 106, 73);
INSERT INTO Account(IdAccount,AccountNumber,OpeningDate,Balance,IsActive,FkAccountType) VALUES(107, 'ES329014122065', '2018-04-04', 4911.83, TRUE, 1);
INSERT INTO AccountCustomer(IdAccountCustomer,HolderType,FkAccount,FkCustomer) VALUES(107, 'Primary', 107, 74);
INSERT INTO Account(IdAccount,AccountNumber,OpeningDate,Balance,IsActive,FkAccountType) VALUES(108, 'ES397044586797', '2019-03-10', 175.07, TRUE, 1);
INSERT INTO AccountCustomer(IdAccountCustomer,HolderType,FkAccount,FkCustomer) VALUES(108, 'Primary', 108, 75);
INSERT INTO Account(IdAccount,AccountNumber,OpeningDate,Balance,IsActive,FkAccountType) VALUES(109, 'ES577325859697', '2017-04-09', 2881.57, TRUE, 2);
INSERT INTO AccountCustomer(IdAccountCustomer,HolderType,FkAccount,FkCustomer) VALUES(109, 'Primary', 109, 76);
INSERT INTO Account(IdAccount,AccountNumber,OpeningDate,Balance,IsActive,FkAccountType) VALUES(110, 'ES896779106586', '2016-09-03', 2396.98, TRUE, 2);
INSERT INTO AccountCustomer(IdAccountCustomer,HolderType,FkAccount,FkCustomer) VALUES(110, 'Primary', 110, 77);
INSERT INTO Account(IdAccount,AccountNumber,OpeningDate,Balance,IsActive,FkAccountType) VALUES(111, 'ES294265748741', '2020-08-04', 3251.22, TRUE, 2);
INSERT INTO AccountCustomer(IdAccountCustomer,HolderType,FkAccount,FkCustomer) VALUES(111, 'Primary', 111, 78);
INSERT INTO Account(IdAccount,AccountNumber,OpeningDate,Balance,IsActive,FkAccountType) VALUES(112, 'ES601212672126', '2021-11-19', 4950.71, TRUE, 2);
INSERT INTO AccountCustomer(IdAccountCustomer,HolderType,FkAccount,FkCustomer) VALUES(112, 'Primary', 112, 78);
INSERT INTO Account(IdAccount,AccountNumber,OpeningDate,Balance,IsActive,FkAccountType) VALUES(113, 'ES343195727432', '2016-04-14', 4872.54, TRUE, 1);
INSERT INTO AccountCustomer(IdAccountCustomer,HolderType,FkAccount,FkCustomer) VALUES(113, 'Primary', 113, 79);
INSERT INTO Account(IdAccount,AccountNumber,OpeningDate,Balance,IsActive,FkAccountType) VALUES(114, 'ES118622223012', '2017-06-01', 567.44, TRUE, 1);
INSERT INTO AccountCustomer(IdAccountCustomer,HolderType,FkAccount,FkCustomer) VALUES(114, 'Primary', 114, 79);
INSERT INTO Account(IdAccount,AccountNumber,OpeningDate,Balance,IsActive,FkAccountType) VALUES(115, 'ES654397678076', '2018-12-26', 3920.16, TRUE, 1);
INSERT INTO AccountCustomer(IdAccountCustomer,HolderType,FkAccount,FkCustomer) VALUES(115, 'Primary', 115, 80);
INSERT INTO Account(IdAccount,AccountNumber,OpeningDate,Balance,IsActive,FkAccountType) VALUES(116, 'ES470017559819', '2017-10-04', 3385.98, TRUE, 1);
INSERT INTO AccountCustomer(IdAccountCustomer,HolderType,FkAccount,FkCustomer) VALUES(116, 'Primary', 116, 80);
INSERT INTO Account(IdAccount,AccountNumber,OpeningDate,Balance,IsActive,FkAccountType) VALUES(117, 'ES447354110828', '2017-06-06', 788.46, TRUE, 1);
INSERT INTO AccountCustomer(IdAccountCustomer,HolderType,FkAccount,FkCustomer) VALUES(117, 'Primary', 117, 81);
INSERT INTO Account(IdAccount,AccountNumber,OpeningDate,Balance,IsActive,FkAccountType) VALUES(118, 'ES219921337685', '2016-03-17', 4477.21, TRUE, 2);
INSERT INTO AccountCustomer(IdAccountCustomer,HolderType,FkAccount,FkCustomer) VALUES(118, 'Primary', 118, 81);
INSERT INTO Account(IdAccount,AccountNumber,OpeningDate,Balance,IsActive,FkAccountType) VALUES(119, 'ES114647837286', '2017-02-10', 348.52, TRUE, 2);
INSERT INTO AccountCustomer(IdAccountCustomer,HolderType,FkAccount,FkCustomer) VALUES(119, 'Primary', 119, 82);
INSERT INTO Account(IdAccount,AccountNumber,OpeningDate,Balance,IsActive,FkAccountType) VALUES(120, 'ES534320440157', '2019-09-24', 3129.53, TRUE, 1);
INSERT INTO AccountCustomer(IdAccountCustomer,HolderType,FkAccount,FkCustomer) VALUES(120, 'Primary', 120, 83);
INSERT INTO Account(IdAccount,AccountNumber,OpeningDate,Balance,IsActive,FkAccountType) VALUES(121, 'ES659612798146', '2016-11-19', 1941.41, TRUE, 2);
INSERT INTO AccountCustomer(IdAccountCustomer,HolderType,FkAccount,FkCustomer) VALUES(121, 'Primary', 121, 83);
INSERT INTO Account(IdAccount,AccountNumber,OpeningDate,Balance,IsActive,FkAccountType) VALUES(122, 'ES123688907731', '2022-12-21', 3614.78, TRUE, 1);
INSERT INTO AccountCustomer(IdAccountCustomer,HolderType,FkAccount,FkCustomer) VALUES(122, 'Primary', 122, 84);
INSERT INTO Account(IdAccount,AccountNumber,OpeningDate,Balance,IsActive,FkAccountType) VALUES(123, 'ES776656752759', '2020-08-31', 3330.85, TRUE, 2);
INSERT INTO AccountCustomer(IdAccountCustomer,HolderType,FkAccount,FkCustomer) VALUES(123, 'Primary', 123, 84);
INSERT INTO Account(IdAccount,AccountNumber,OpeningDate,Balance,IsActive,FkAccountType) VALUES(124, 'ES739708966842', '2022-08-05', 1525.7, TRUE, 1);
INSERT INTO AccountCustomer(IdAccountCustomer,HolderType,FkAccount,FkCustomer) VALUES(124, 'Primary', 124, 85);
INSERT INTO Account(IdAccount,AccountNumber,OpeningDate,Balance,IsActive,FkAccountType) VALUES(125, 'ES288299975580', '2018-04-27', 3730.23, TRUE, 2);
INSERT INTO AccountCustomer(IdAccountCustomer,HolderType,FkAccount,FkCustomer) VALUES(125, 'Primary', 125, 85);
INSERT INTO Account(IdAccount,AccountNumber,OpeningDate,Balance,IsActive,FkAccountType) VALUES(126, 'ES174228988023', '2017-01-12', 4988.76, TRUE, 1);
INSERT INTO AccountCustomer(IdAccountCustomer,HolderType,FkAccount,FkCustomer) VALUES(126, 'Primary', 126, 86);
INSERT INTO Account(IdAccount,AccountNumber,OpeningDate,Balance,IsActive,FkAccountType) VALUES(127, 'ES934941895199', '2015-01-09', 1129.63, TRUE, 2);
INSERT INTO AccountCustomer(IdAccountCustomer,HolderType,FkAccount,FkCustomer) VALUES(127, 'Primary', 127, 86);
INSERT INTO Account(IdAccount,AccountNumber,OpeningDate,Balance,IsActive,FkAccountType) VALUES(128, 'ES683700145563', '2021-10-07', 4803.11, TRUE, 1);
INSERT INTO AccountCustomer(IdAccountCustomer,HolderType,FkAccount,FkCustomer) VALUES(128, 'Primary', 128, 87);
INSERT INTO Account(IdAccount,AccountNumber,OpeningDate,Balance,IsActive,FkAccountType) VALUES(129, 'ES252985520339', '2019-05-12', 4825.78, TRUE, 1);
INSERT INTO AccountCustomer(IdAccountCustomer,HolderType,FkAccount,FkCustomer) VALUES(129, 'Primary', 129, 87);
INSERT INTO Account(IdAccount,AccountNumber,OpeningDate,Balance,IsActive,FkAccountType) VALUES(130, 'ES200229467255', '2019-10-30', 3517.83, TRUE, 2);
INSERT INTO AccountCustomer(IdAccountCustomer,HolderType,FkAccount,FkCustomer) VALUES(130, 'Primary', 130, 88);
INSERT INTO Account(IdAccount,AccountNumber,OpeningDate,Balance,IsActive,FkAccountType) VALUES(131, 'ES652640334029', '2016-11-20', 3949.78, TRUE, 2);
INSERT INTO AccountCustomer(IdAccountCustomer,HolderType,FkAccount,FkCustomer) VALUES(131, 'Primary', 131, 89);
INSERT INTO Account(IdAccount,AccountNumber,OpeningDate,Balance,IsActive,FkAccountType) VALUES(132, 'ES970188090435', '2021-11-22', 4736.19, TRUE, 2);
INSERT INTO AccountCustomer(IdAccountCustomer,HolderType,FkAccount,FkCustomer) VALUES(132, 'Primary', 132, 89);
INSERT INTO Account(IdAccount,AccountNumber,OpeningDate,Balance,IsActive,FkAccountType) VALUES(133, 'ES116472159960', '2022-07-29', 817.26, TRUE, 1);
INSERT INTO AccountCustomer(IdAccountCustomer,HolderType,FkAccount,FkCustomer) VALUES(133, 'Primary', 133, 90);
INSERT INTO Account(IdAccount,AccountNumber,OpeningDate,Balance,IsActive,FkAccountType) VALUES(134, 'ES114828241416', '2018-03-30', 2512.67, TRUE, 1);
INSERT INTO AccountCustomer(IdAccountCustomer,HolderType,FkAccount,FkCustomer) VALUES(134, 'Primary', 134, 90);
INSERT INTO Account(IdAccount,AccountNumber,OpeningDate,Balance,IsActive,FkAccountType) VALUES(135, 'ES534249479423', '2017-08-25', 538.62, TRUE, 2);
INSERT INTO AccountCustomer(IdAccountCustomer,HolderType,FkAccount,FkCustomer) VALUES(135, 'Primary', 135, 91);
INSERT INTO Account(IdAccount,AccountNumber,OpeningDate,Balance,IsActive,FkAccountType) VALUES(136, 'ES107243991480', '2018-02-09', 3643.8, TRUE, 2);
INSERT INTO AccountCustomer(IdAccountCustomer,HolderType,FkAccount,FkCustomer) VALUES(136, 'Primary', 136, 92);
INSERT INTO Account(IdAccount,AccountNumber,OpeningDate,Balance,IsActive,FkAccountType) VALUES(137, 'ES337918395134', '2016-12-19', 1737.57, TRUE, 2);
INSERT INTO AccountCustomer(IdAccountCustomer,HolderType,FkAccount,FkCustomer) VALUES(137, 'Primary', 137, 93);
INSERT INTO Account(IdAccount,AccountNumber,OpeningDate,Balance,IsActive,FkAccountType) VALUES(138, 'ES445203196158', '2018-08-23', 1712.19, TRUE, 2);
INSERT INTO AccountCustomer(IdAccountCustomer,HolderType,FkAccount,FkCustomer) VALUES(138, 'Primary', 138, 94);
INSERT INTO Account(IdAccount,AccountNumber,OpeningDate,Balance,IsActive,FkAccountType) VALUES(139, 'ES870100491622', '2020-09-02', 903.04, TRUE, 2);
INSERT INTO AccountCustomer(IdAccountCustomer,HolderType,FkAccount,FkCustomer) VALUES(139, 'Primary', 139, 94);
INSERT INTO Account(IdAccount,AccountNumber,OpeningDate,Balance,IsActive,FkAccountType) VALUES(140, 'ES563302186613', '2019-01-22', 2982.62, TRUE, 1);
INSERT INTO AccountCustomer(IdAccountCustomer,HolderType,FkAccount,FkCustomer) VALUES(140, 'Primary', 140, 95);
INSERT INTO Account(IdAccount,AccountNumber,OpeningDate,Balance,IsActive,FkAccountType) VALUES(141, 'ES137508314966', '2015-06-24', 2332.99, TRUE, 2);
INSERT INTO AccountCustomer(IdAccountCustomer,HolderType,FkAccount,FkCustomer) VALUES(141, 'Primary', 141, 96);
INSERT INTO Account(IdAccount,AccountNumber,OpeningDate,Balance,IsActive,FkAccountType) VALUES(142, 'ES806437380631', '2018-11-19', 3359.27, TRUE, 1);
INSERT INTO AccountCustomer(IdAccountCustomer,HolderType,FkAccount,FkCustomer) VALUES(142, 'Primary', 142, 97);
INSERT INTO Account(IdAccount,AccountNumber,OpeningDate,Balance,IsActive,FkAccountType) VALUES(143, 'ES402017657556', '2022-10-06', 1766.38, TRUE, 1);
INSERT INTO AccountCustomer(IdAccountCustomer,HolderType,FkAccount,FkCustomer) VALUES(143, 'Primary', 143, 97);
INSERT INTO Account(IdAccount,AccountNumber,OpeningDate,Balance,IsActive,FkAccountType) VALUES(144, 'ES964372585025', '2022-06-02', 3027.26, TRUE, 2);
INSERT INTO AccountCustomer(IdAccountCustomer,HolderType,FkAccount,FkCustomer) VALUES(144, 'Primary', 144, 98);
INSERT INTO Account(IdAccount,AccountNumber,OpeningDate,Balance,IsActive,FkAccountType) VALUES(145, 'ES158459988838', '2021-09-07', 4179.34, TRUE, 2);
INSERT INTO AccountCustomer(IdAccountCustomer,HolderType,FkAccount,FkCustomer) VALUES(145, 'Primary', 145, 98);
INSERT INTO Account(IdAccount,AccountNumber,OpeningDate,Balance,IsActive,FkAccountType) VALUES(146, 'ES698127483395', '2019-09-01', 1354.24, TRUE, 1);
INSERT INTO AccountCustomer(IdAccountCustomer,HolderType,FkAccount,FkCustomer) VALUES(146, 'Primary', 146, 99);
INSERT INTO Account(IdAccount,AccountNumber,OpeningDate,Balance,IsActive,FkAccountType) VALUES(147, 'ES167944712033', '2020-08-19', 3248.13, TRUE, 2);
INSERT INTO AccountCustomer(IdAccountCustomer,HolderType,FkAccount,FkCustomer) VALUES(147, 'Primary', 147, 100);
INSERT INTO Account(IdAccount,AccountNumber,OpeningDate,Balance,IsActive,FkAccountType) VALUES(148, 'ES504459482699', '2018-01-26', 4003.73, TRUE, 2);
INSERT INTO AccountCustomer(IdAccountCustomer,HolderType,FkAccount,FkCustomer) VALUES(148, 'Primary', 148, 101);
INSERT INTO Account(IdAccount,AccountNumber,OpeningDate,Balance,IsActive,FkAccountType) VALUES(149, 'ES221963464854', '2019-03-22', 381.41, TRUE, 1);
INSERT INTO AccountCustomer(IdAccountCustomer,HolderType,FkAccount,FkCustomer) VALUES(149, 'Primary', 149, 102);
INSERT INTO Account(IdAccount,AccountNumber,OpeningDate,Balance,IsActive,FkAccountType) VALUES(150, 'ES573753791959', '2016-11-17', 740.23, TRUE, 2);
INSERT INTO AccountCustomer(IdAccountCustomer,HolderType,FkAccount,FkCustomer) VALUES(150, 'Primary', 150, 102);
INSERT INTO Account(IdAccount,AccountNumber,OpeningDate,Balance,IsActive,FkAccountType) VALUES(151, 'ES182370408619', '2022-05-27', 3476.71, TRUE, 2);
INSERT INTO AccountCustomer(IdAccountCustomer,HolderType,FkAccount,FkCustomer) VALUES(151, 'Primary', 151, 103);
INSERT INTO Account(IdAccount,AccountNumber,OpeningDate,Balance,IsActive,FkAccountType) VALUES(152, 'ES654843605310', '2019-03-23', 3015.2, TRUE, 1);
INSERT INTO AccountCustomer(IdAccountCustomer,HolderType,FkAccount,FkCustomer) VALUES(152, 'Primary', 152, 104);
INSERT INTO Account(IdAccount,AccountNumber,OpeningDate,Balance,IsActive,FkAccountType) VALUES(153, 'ES785114527611', '2015-11-28', 4371.48, TRUE, 1);
INSERT INTO AccountCustomer(IdAccountCustomer,HolderType,FkAccount,FkCustomer) VALUES(153, 'Primary', 153, 104);
INSERT INTO Account(IdAccount,AccountNumber,OpeningDate,Balance,IsActive,FkAccountType) VALUES(154, 'ES388434865059', '2015-10-21', 2757.96, TRUE, 2);
INSERT INTO AccountCustomer(IdAccountCustomer,HolderType,FkAccount,FkCustomer) VALUES(154, 'Primary', 154, 105);
INSERT INTO Account(IdAccount,AccountNumber,OpeningDate,Balance,IsActive,FkAccountType) VALUES(155, 'ES584245865426', '2019-04-02', 4446.82, TRUE, 1);
INSERT INTO AccountCustomer(IdAccountCustomer,HolderType,FkAccount,FkCustomer) VALUES(155, 'Primary', 155, 105);
INSERT INTO Account(IdAccount,AccountNumber,OpeningDate,Balance,IsActive,FkAccountType) VALUES(156, 'ES988525863767', '2018-07-01', 911.44, TRUE, 1);
INSERT INTO AccountCustomer(IdAccountCustomer,HolderType,FkAccount,FkCustomer) VALUES(156, 'Primary', 156, 106);
INSERT INTO Account(IdAccount,AccountNumber,OpeningDate,Balance,IsActive,FkAccountType) VALUES(157, 'ES322429701770', '2017-04-06', 1347.06, TRUE, 2);
INSERT INTO AccountCustomer(IdAccountCustomer,HolderType,FkAccount,FkCustomer) VALUES(157, 'Primary', 157, 107);
INSERT INTO Account(IdAccount,AccountNumber,OpeningDate,Balance,IsActive,FkAccountType) VALUES(158, 'ES790410311167', '2016-07-05', 3126.21, TRUE, 1);
INSERT INTO AccountCustomer(IdAccountCustomer,HolderType,FkAccount,FkCustomer) VALUES(158, 'Primary', 158, 107);
INSERT INTO Account(IdAccount,AccountNumber,OpeningDate,Balance,IsActive,FkAccountType) VALUES(159, 'ES441813591979', '2018-02-16', 1496.36, TRUE, 2);
INSERT INTO AccountCustomer(IdAccountCustomer,HolderType,FkAccount,FkCustomer) VALUES(159, 'Primary', 159, 108);
INSERT INTO Account(IdAccount,AccountNumber,OpeningDate,Balance,IsActive,FkAccountType) VALUES(160, 'ES596155379860', '2015-09-03', 1210.32, TRUE, 2);
INSERT INTO AccountCustomer(IdAccountCustomer,HolderType,FkAccount,FkCustomer) VALUES(160, 'Primary', 160, 108);
INSERT INTO Account(IdAccount,AccountNumber,OpeningDate,Balance,IsActive,FkAccountType) VALUES(161, 'ES749448896812', '2018-10-10', 4933.86, TRUE, 1);
INSERT INTO AccountCustomer(IdAccountCustomer,HolderType,FkAccount,FkCustomer) VALUES(161, 'Primary', 161, 109);
INSERT INTO Account(IdAccount,AccountNumber,OpeningDate,Balance,IsActive,FkAccountType) VALUES(162, 'ES231190744288', '2020-02-10', 1698.83, TRUE, 2);
INSERT INTO AccountCustomer(IdAccountCustomer,HolderType,FkAccount,FkCustomer) VALUES(162, 'Primary', 162, 110);
INSERT INTO Account(IdAccount,AccountNumber,OpeningDate,Balance,IsActive,FkAccountType) VALUES(163, 'ES443054808278', '2017-11-27', 4403.0, TRUE, 2);
INSERT INTO AccountCustomer(IdAccountCustomer,HolderType,FkAccount,FkCustomer) VALUES(163, 'Primary', 163, 111);
INSERT INTO Account(IdAccount,AccountNumber,OpeningDate,Balance,IsActive,FkAccountType) VALUES(164, 'ES298737600149', '2018-11-29', 387.62, TRUE, 2);
INSERT INTO AccountCustomer(IdAccountCustomer,HolderType,FkAccount,FkCustomer) VALUES(164, 'Primary', 164, 112);
INSERT INTO Account(IdAccount,AccountNumber,OpeningDate,Balance,IsActive,FkAccountType) VALUES(165, 'ES552207065962', '2017-03-25', 3228.56, TRUE, 1);
INSERT INTO AccountCustomer(IdAccountCustomer,HolderType,FkAccount,FkCustomer) VALUES(165, 'Primary', 165, 113);
INSERT INTO Account(IdAccount,AccountNumber,OpeningDate,Balance,IsActive,FkAccountType) VALUES(166, 'ES825689745055', '2019-11-16', 1603.01, TRUE, 1);
INSERT INTO AccountCustomer(IdAccountCustomer,HolderType,FkAccount,FkCustomer) VALUES(166, 'Primary', 166, 113);
INSERT INTO Account(IdAccount,AccountNumber,OpeningDate,Balance,IsActive,FkAccountType) VALUES(167, 'ES363116734938', '2020-10-26', 3167.97, TRUE, 1);
INSERT INTO AccountCustomer(IdAccountCustomer,HolderType,FkAccount,FkCustomer) VALUES(167, 'Primary', 167, 114);
INSERT INTO Account(IdAccount,AccountNumber,OpeningDate,Balance,IsActive,FkAccountType) VALUES(168, 'ES734891372360', '2019-07-18', 4682.25, TRUE, 2);
INSERT INTO AccountCustomer(IdAccountCustomer,HolderType,FkAccount,FkCustomer) VALUES(168, 'Primary', 168, 115);
INSERT INTO Account(IdAccount,AccountNumber,OpeningDate,Balance,IsActive,FkAccountType) VALUES(169, 'ES112210002198', '2017-03-11', 4553.0, TRUE, 1);
INSERT INTO AccountCustomer(IdAccountCustomer,HolderType,FkAccount,FkCustomer) VALUES(169, 'Primary', 169, 115);
INSERT INTO Account(IdAccount,AccountNumber,OpeningDate,Balance,IsActive,FkAccountType) VALUES(170, 'ES904676343587', '2015-07-14', 3596.78, TRUE, 2);
INSERT INTO AccountCustomer(IdAccountCustomer,HolderType,FkAccount,FkCustomer) VALUES(170, 'Primary', 170, 116);
INSERT INTO Account(IdAccount,AccountNumber,OpeningDate,Balance,IsActive,FkAccountType) VALUES(171, 'ES137354867793', '2020-09-29', 3743.01, TRUE, 2);
INSERT INTO AccountCustomer(IdAccountCustomer,HolderType,FkAccount,FkCustomer) VALUES(171, 'Primary', 171, 116);
INSERT INTO Account(IdAccount,AccountNumber,OpeningDate,Balance,IsActive,FkAccountType) VALUES(172, 'ES424754582061', '2020-05-26', 4216.72, TRUE, 2);
INSERT INTO AccountCustomer(IdAccountCustomer,HolderType,FkAccount,FkCustomer) VALUES(172, 'Primary', 172, 117);
INSERT INTO Account(IdAccount,AccountNumber,OpeningDate,Balance,IsActive,FkAccountType) VALUES(173, 'ES684976121810', '2017-12-02', 716.92, TRUE, 1);
INSERT INTO AccountCustomer(IdAccountCustomer,HolderType,FkAccount,FkCustomer) VALUES(173, 'Primary', 173, 117);
INSERT INTO Account(IdAccount,AccountNumber,OpeningDate,Balance,IsActive,FkAccountType) VALUES(174, 'ES464228830814', '2020-12-16', 2748.44, TRUE, 1);
INSERT INTO AccountCustomer(IdAccountCustomer,HolderType,FkAccount,FkCustomer) VALUES(174, 'Primary', 174, 118);
INSERT INTO Account(IdAccount,AccountNumber,OpeningDate,Balance,IsActive,FkAccountType) VALUES(175, 'ES382070567884', '2016-10-11', 3772.18, TRUE, 2);
INSERT INTO AccountCustomer(IdAccountCustomer,HolderType,FkAccount,FkCustomer) VALUES(175, 'Primary', 175, 119);
INSERT INTO Account(IdAccount,AccountNumber,OpeningDate,Balance,IsActive,FkAccountType) VALUES(176, 'ES185595971849', '2018-11-09', 2455.88, TRUE, 2);
INSERT INTO AccountCustomer(IdAccountCustomer,HolderType,FkAccount,FkCustomer) VALUES(176, 'Primary', 176, 120);
INSERT INTO BankTransaction(IdBankTransaction,TransactionType,Amount,TransactionDate,BalanceAfter,FkAccount) VALUES(1_2, 'Transfer Received', 82.34, '2016-04-23', 372.24, 55);
INSERT INTO BankTransaction(IdBankTransaction,TransactionType,Amount,TransactionDate,BalanceAfter,FkAccount) VALUES(1, 'Transfer', 82.34, '2016-04-23', 299.07000000000005, 149);
INSERT INTO BankTransaction(IdBankTransaction,TransactionType,Amount,TransactionDate,BalanceAfter,FkAccount) VALUES(2_2, 'Transfer Received', 431.69, '2017-01-28', 4305.91, 38);
INSERT INTO BankTransaction(IdBankTransaction,TransactionType,Amount,TransactionDate,BalanceAfter,FkAccount) VALUES(2, 'Transfer', 431.69, '2017-01-28', 3165.09, 170);
INSERT INTO BankTransaction(IdBankTransaction,TransactionType,Amount,TransactionDate,BalanceAfter,FkAccount) VALUES(3, 'Deposit', 725.04, '2021-04-02', 4497.219999999999, 175);
INSERT INTO BankTransaction(IdBankTransaction,TransactionType,Amount,TransactionDate,BalanceAfter,FkAccount) VALUES(4, 'Withdrawal', 63.03, '2018-07-13', 2317.9399999999996, 57);
INSERT INTO BankTransaction(IdBankTransaction,TransactionType,Amount,TransactionDate,BalanceAfter,FkAccount) VALUES(5, 'Deposit', 817.6, '2020-09-30', 4294.31, 151);
INSERT INTO BankTransaction(IdBankTransaction,TransactionType,Amount,TransactionDate,BalanceAfter,FkAccount) VALUES(6_2, 'Transfer Received', 648.37, '2019-06-29', 3396.81, 174);
INSERT INTO BankTransaction(IdBankTransaction,TransactionType,Amount,TransactionDate,BalanceAfter,FkAccount) VALUES(6, 'Transfer', 648.37, '2019-06-29', 2046.85, 67);
INSERT INTO BankTransaction(IdBankTransaction,TransactionType,Amount,TransactionDate,BalanceAfter,FkAccount) VALUES(7, 'Withdrawal', 87.26, '2017-04-30', 2309.72, 110);
INSERT INTO BankTransaction(IdBankTransaction,TransactionType,Amount,TransactionDate,BalanceAfter,FkAccount) VALUES(8_2, 'Transfer Received', 64.45, '2016-06-28', 750.5200000000001, 69);
INSERT INTO BankTransaction(IdBankTransaction,TransactionType,Amount,TransactionDate,BalanceAfter,FkAccount) VALUES(8, 'Transfer', 64.45, '2016-06-28', 2477.6600000000003, 70);
INSERT INTO BankTransaction(IdBankTransaction,TransactionType,Amount,TransactionDate,BalanceAfter,FkAccount) VALUES(9, 'Withdrawal', 682.49, '2019-11-16', 4093.7, 14);
INSERT INTO BankTransaction(IdBankTransaction,TransactionType,Amount,TransactionDate,BalanceAfter,FkAccount) VALUES(10, 'Withdrawal', 907.11, '2017-01-26', 2788.04, 46);
INSERT INTO BankTransaction(IdBankTransaction,TransactionType,Amount,TransactionDate,BalanceAfter,FkAccount) VALUES(11_2, 'Transfer Received', 722.16, '2021-02-03', 2000.83, 40);
INSERT INTO BankTransaction(IdBankTransaction,TransactionType,Amount,TransactionDate,BalanceAfter,FkAccount) VALUES(11, 'Transfer', 722.16, '2021-02-03', 3960.09, 168);
INSERT INTO BankTransaction(IdBankTransaction,TransactionType,Amount,TransactionDate,BalanceAfter,FkAccount) VALUES(12, 'Withdrawal', 893.41, '2020-09-12', 2836.82, 125);
INSERT INTO BankTransaction(IdBankTransaction,TransactionType,Amount,TransactionDate,BalanceAfter,FkAccount) VALUES(13_2, 'Transfer Received', 126.57, '2016-07-25', 931.04, 106);
INSERT INTO BankTransaction(IdBankTransaction,TransactionType,Amount,TransactionDate,BalanceAfter,FkAccount) VALUES(13, 'Transfer', 126.57, '2016-07-25', 3232.7, 142);
INSERT INTO BankTransaction(IdBankTransaction,TransactionType,Amount,TransactionDate,BalanceAfter,FkAccount) VALUES(14, 'Deposit', 312.61, '2022-04-20', 2359.46, 67);
INSERT INTO BankTransaction(IdBankTransaction,TransactionType,Amount,TransactionDate,BalanceAfter,FkAccount) VALUES(15_2, 'Transfer Received', 95.11, '2021-09-10', 2153.46, 39);
INSERT INTO BankTransaction(IdBankTransaction,TransactionType,Amount,TransactionDate,BalanceAfter,FkAccount) VALUES(15, 'Transfer', 95.11, '2021-09-10', 947.9899999999999, 87);
INSERT INTO BankTransaction(IdBankTransaction,TransactionType,Amount,TransactionDate,BalanceAfter,FkAccount) VALUES(16, 'Withdrawal', 902.61, '2021-08-24', 1415.3299999999995, 57);
INSERT INTO BankTransaction(IdBankTransaction,TransactionType,Amount,TransactionDate,BalanceAfter,FkAccount) VALUES(17, 'Withdrawal', 115.87, '2019-09-08', 3498.9100000000003, 122);
INSERT INTO BankTransaction(IdBankTransaction,TransactionType,Amount,TransactionDate,BalanceAfter,FkAccount) VALUES(18, 'Withdrawal', 338.27, '2022-03-02', 33.72000000000003, 56);
INSERT INTO BankTransaction(IdBankTransaction,TransactionType,Amount,TransactionDate,BalanceAfter,FkAccount) VALUES(19, 'Deposit', 110.53, '2017-09-21', 927.79, 133);
INSERT INTO BankTransaction(IdBankTransaction,TransactionType,Amount,TransactionDate,BalanceAfter,FkAccount) VALUES(20_2, 'Transfer Received', 377.4, '2018-07-18', 3503.61, 158);
INSERT INTO BankTransaction(IdBankTransaction,TransactionType,Amount,TransactionDate,BalanceAfter,FkAccount) VALUES(20, 'Transfer', 377.4, '2018-07-18', 685.08, 104);
INSERT INTO BankTransaction(IdBankTransaction,TransactionType,Amount,TransactionDate,BalanceAfter,FkAccount) VALUES(21, 'Withdrawal', 270.92, '2018-02-25', 2517.12, 46);
INSERT INTO BankTransaction(IdBankTransaction,TransactionType,Amount,TransactionDate,BalanceAfter,FkAccount) VALUES(22, 'Withdrawal', 457.11, '2018-10-04', 3262.1099999999997, 59);
INSERT INTO BankTransaction(IdBankTransaction,TransactionType,Amount,TransactionDate,BalanceAfter,FkAccount) VALUES(23, 'Withdrawal', 70.95, '2022-10-28', 1820.8999999999999, 103);
INSERT INTO BankTransaction(IdBankTransaction,TransactionType,Amount,TransactionDate,BalanceAfter,FkAccount) VALUES(24_2, 'Transfer Received', 680.75, '2015-08-24', 1688.92, 63);
INSERT INTO BankTransaction(IdBankTransaction,TransactionType,Amount,TransactionDate,BalanceAfter,FkAccount) VALUES(24, 'Transfer', 680.75, '2015-08-24', 2490.47, 90);
INSERT INTO BankTransaction(IdBankTransaction,TransactionType,Amount,TransactionDate,BalanceAfter,FkAccount) VALUES(25, 'Withdrawal', 307.03, '2019-09-26', 3009.24, 23);
INSERT INTO BankTransaction(IdBankTransaction,TransactionType,Amount,TransactionDate,BalanceAfter,FkAccount) VALUES(26, 'Withdrawal', 811.01, '2022-09-26', -438.77, 55);
INSERT INTO BankTransaction(IdBankTransaction,TransactionType,Amount,TransactionDate,BalanceAfter,FkAccount) VALUES(27, 'Withdrawal', 916.52, '2017-05-23', 772.4000000000001, 63);
INSERT INTO BankTransaction(IdBankTransaction,TransactionType,Amount,TransactionDate,BalanceAfter,FkAccount) VALUES(28, 'Withdrawal', 77.8, '2015-08-17', 607.2800000000001, 104);
INSERT INTO BankTransaction(IdBankTransaction,TransactionType,Amount,TransactionDate,BalanceAfter,FkAccount) VALUES(29, 'Deposit', 990.05, '2021-05-27', 2960.3, 105);
INSERT INTO BankTransaction(IdBankTransaction,TransactionType,Amount,TransactionDate,BalanceAfter,FkAccount) VALUES(30, 'Deposit', 257.4, '2018-09-02', 3804.36, 75);
INSERT INTO BankTransaction(IdBankTransaction,TransactionType,Amount,TransactionDate,BalanceAfter,FkAccount) VALUES(31_2, 'Transfer Received', 962.61, '2017-06-19', 1679.53, 173);
INSERT INTO BankTransaction(IdBankTransaction,TransactionType,Amount,TransactionDate,BalanceAfter,FkAccount) VALUES(31, 'Transfer', 962.61, '2017-06-19', 1795.35, 154);
INSERT INTO BankTransaction(IdBankTransaction,TransactionType,Amount,TransactionDate,BalanceAfter,FkAccount) VALUES(32_2, 'Transfer Received', 761.21, '2019-10-28', 3770.45, 23);
INSERT INTO BankTransaction(IdBankTransaction,TransactionType,Amount,TransactionDate,BalanceAfter,FkAccount) VALUES(32, 'Transfer', 761.21, '2019-10-28', 2747.22, 72);
INSERT INTO BankTransaction(IdBankTransaction,TransactionType,Amount,TransactionDate,BalanceAfter,FkAccount) VALUES(33_2, 'Transfer Received', 776.44, '2016-12-18', 5148.02, 61);
INSERT INTO BankTransaction(IdBankTransaction,TransactionType,Amount,TransactionDate,BalanceAfter,FkAccount) VALUES(33, 'Transfer', 776.44, '2016-12-18', 2702.5, 41);
INSERT INTO BankTransaction(IdBankTransaction,TransactionType,Amount,TransactionDate,BalanceAfter,FkAccount) VALUES(34, 'Deposit', 867.74, '2020-05-19', 2663.09, 154);
INSERT INTO BankTransaction(IdBankTransaction,TransactionType,Amount,TransactionDate,BalanceAfter,FkAccount) VALUES(35, 'Withdrawal', 663.31, '2019-07-27', 1060.05, 1);
INSERT INTO BankTransaction(IdBankTransaction,TransactionType,Amount,TransactionDate,BalanceAfter,FkAccount) VALUES(36, 'Withdrawal', 946.32, '2022-10-29', 1413.1399999999999, 67);
INSERT INTO BankTransaction(IdBankTransaction,TransactionType,Amount,TransactionDate,BalanceAfter,FkAccount) VALUES(37, 'Withdrawal', 224.93, '2017-08-09', 4221.889999999999, 155);
INSERT INTO BankTransaction(IdBankTransaction,TransactionType,Amount,TransactionDate,BalanceAfter,FkAccount) VALUES(38, 'Deposit', 363.39, '2015-03-30', 2364.22, 40);
INSERT INTO BankTransaction(IdBankTransaction,TransactionType,Amount,TransactionDate,BalanceAfter,FkAccount) VALUES(39, 'Withdrawal', 851.39, '2020-08-02', 1458.33, 110);
INSERT INTO BankTransaction(IdBankTransaction,TransactionType,Amount,TransactionDate,BalanceAfter,FkAccount) VALUES(40, 'Withdrawal', 557.93, '2017-12-19', 2838.88, 174);
INSERT INTO BankTransaction(IdBankTransaction,TransactionType,Amount,TransactionDate,BalanceAfter,FkAccount) VALUES(41_2, 'Transfer Received', 664.72, '2022-11-09', 1232.16, 114);
INSERT INTO BankTransaction(IdBankTransaction,TransactionType,Amount,TransactionDate,BalanceAfter,FkAccount) VALUES(41, 'Transfer', 664.72, '2022-11-09', 1699.4999999999998, 40);
INSERT INTO BankTransaction(IdBankTransaction,TransactionType,Amount,TransactionDate,BalanceAfter,FkAccount) VALUES(42, 'Deposit', 864.16, '2019-04-30', 4092.72, 165);
INSERT INTO BankTransaction(IdBankTransaction,TransactionType,Amount,TransactionDate,BalanceAfter,FkAccount) VALUES(43, 'Deposit', 60.61, '2017-06-01', 3087.8700000000003, 144);
INSERT INTO BankTransaction(IdBankTransaction,TransactionType,Amount,TransactionDate,BalanceAfter,FkAccount) VALUES(44_2, 'Transfer Received', 974.03, '2020-07-02', 3725.0600000000004, 15);
INSERT INTO BankTransaction(IdBankTransaction,TransactionType,Amount,TransactionDate,BalanceAfter,FkAccount) VALUES(44, 'Transfer', 974.03, '2020-07-02', 2694.63, 65);
INSERT INTO BankTransaction(IdBankTransaction,TransactionType,Amount,TransactionDate,BalanceAfter,FkAccount) VALUES(45_2, 'Transfer Received', 867.37, '2018-10-29', 3882.5699999999997, 152);
INSERT INTO BankTransaction(IdBankTransaction,TransactionType,Amount,TransactionDate,BalanceAfter,FkAccount) VALUES(45, 'Transfer', 867.37, '2018-10-29', 3833.3599999999997, 8);
INSERT INTO BankTransaction(IdBankTransaction,TransactionType,Amount,TransactionDate,BalanceAfter,FkAccount) VALUES(46_2, 'Transfer Received', 162.48, '2015-02-27', 3536.59, 3);
INSERT INTO BankTransaction(IdBankTransaction,TransactionType,Amount,TransactionDate,BalanceAfter,FkAccount) VALUES(46, 'Transfer', 162.48, '2015-02-27', 1536.35, 162);
INSERT INTO BankTransaction(IdBankTransaction,TransactionType,Amount,TransactionDate,BalanceAfter,FkAccount) VALUES(47_2, 'Transfer Received', 955.0, '2016-09-01', 5047.719999999999, 165);
INSERT INTO BankTransaction(IdBankTransaction,TransactionType,Amount,TransactionDate,BalanceAfter,FkAccount) VALUES(47, 'Transfer', 955.0, '2016-09-01', 2865.31, 13);
INSERT INTO BankTransaction(IdBankTransaction,TransactionType,Amount,TransactionDate,BalanceAfter,FkAccount) VALUES(48, 'Deposit', 321.58, '2020-04-11', 5194.12, 113);
INSERT INTO BankTransaction(IdBankTransaction,TransactionType,Amount,TransactionDate,BalanceAfter,FkAccount) VALUES(49, 'Withdrawal', 880.98, '2020-07-13', 3738.44, 81);
INSERT INTO BankTransaction(IdBankTransaction,TransactionType,Amount,TransactionDate,BalanceAfter,FkAccount) VALUES(50_2, 'Transfer Received', 997.96, '2016-08-16', 5400.96, 163);
INSERT INTO BankTransaction(IdBankTransaction,TransactionType,Amount,TransactionDate,BalanceAfter,FkAccount) VALUES(50, 'Transfer', 997.96, '2016-08-16', 1962.3400000000001, 105);
INSERT INTO BankTransaction(IdBankTransaction,TransactionType,Amount,TransactionDate,BalanceAfter,FkAccount) VALUES(51, 'Deposit', 603.58, '2021-07-27', 1684.63, 68);
INSERT INTO BankTransaction(IdBankTransaction,TransactionType,Amount,TransactionDate,BalanceAfter,FkAccount) VALUES(52, 'Deposit', 277.58, '2019-11-26', 1487.8999999999999, 160);
INSERT INTO BankTransaction(IdBankTransaction,TransactionType,Amount,TransactionDate,BalanceAfter,FkAccount) VALUES(53, 'Withdrawal', 418.27, '2017-05-15', 3675.43, 14);
INSERT INTO BankTransaction(IdBankTransaction,TransactionType,Amount,TransactionDate,BalanceAfter,FkAccount) VALUES(54, 'Withdrawal', 657.67, '2019-06-12', 530.5100000000001, 58);
INSERT INTO BankTransaction(IdBankTransaction,TransactionType,Amount,TransactionDate,BalanceAfter,FkAccount) VALUES(55_2, 'Transfer Received', 236.44, '2019-06-16', 4541.75, 43);
INSERT INTO BankTransaction(IdBankTransaction,TransactionType,Amount,TransactionDate,BalanceAfter,FkAccount) VALUES(55, 'Transfer', 236.44, '2019-06-16', 4137.77, 44);
INSERT INTO BankTransaction(IdBankTransaction,TransactionType,Amount,TransactionDate,BalanceAfter,FkAccount) VALUES(56, 'Withdrawal', 839.46, '2017-10-12', -99.23000000000002, 150);
INSERT INTO BankTransaction(IdBankTransaction,TransactionType,Amount,TransactionDate,BalanceAfter,FkAccount) VALUES(57, 'Withdrawal', 150.44, '2016-06-15', 2937.4300000000003, 144);
INSERT INTO BankTransaction(IdBankTransaction,TransactionType,Amount,TransactionDate,BalanceAfter,FkAccount) VALUES(58, 'Withdrawal', 656.09, '2015-04-20', 3349.71, 82);
INSERT INTO BankTransaction(IdBankTransaction,TransactionType,Amount,TransactionDate,BalanceAfter,FkAccount) VALUES(59_2, 'Transfer Received', 664.66, '2016-12-24', 5812.68, 61);
INSERT INTO BankTransaction(IdBankTransaction,TransactionType,Amount,TransactionDate,BalanceAfter,FkAccount) VALUES(59, 'Transfer', 664.66, '2016-12-24', 123.80000000000007, 117);
INSERT INTO BankTransaction(IdBankTransaction,TransactionType,Amount,TransactionDate,BalanceAfter,FkAccount) VALUES(60_2, 'Transfer Received', 745.16, '2019-02-05', 4730.13, 11);
INSERT INTO BankTransaction(IdBankTransaction,TransactionType,Amount,TransactionDate,BalanceAfter,FkAccount) VALUES(60, 'Transfer', 745.16, '2019-02-05', -275.39, 42);
INSERT INTO BankTransaction(IdBankTransaction,TransactionType,Amount,TransactionDate,BalanceAfter,FkAccount) VALUES(61, 'Withdrawal', 690.58, '2022-06-18', 106.07999999999993, 4);
INSERT INTO BankTransaction(IdBankTransaction,TransactionType,Amount,TransactionDate,BalanceAfter,FkAccount) VALUES(62, 'Deposit', 60.34, '2018-07-31', 1596.6899999999998, 162);
INSERT INTO BankTransaction(IdBankTransaction,TransactionType,Amount,TransactionDate,BalanceAfter,FkAccount) VALUES(63, 'Deposit', 642.22, '2015-08-08', 4612.4, 62);
INSERT INTO BankTransaction(IdBankTransaction,TransactionType,Amount,TransactionDate,BalanceAfter,FkAccount) VALUES(64_2, 'Transfer Received', 222.96, '2016-05-12', 4143.12, 115);
INSERT INTO BankTransaction(IdBankTransaction,TransactionType,Amount,TransactionDate,BalanceAfter,FkAccount) VALUES(64, 'Transfer', 222.96, '2016-05-12', 3280.65, 158);
INSERT INTO BankTransaction(IdBankTransaction,TransactionType,Amount,TransactionDate,BalanceAfter,FkAccount) VALUES(65, 'Deposit', 620.09, '2016-11-14', 1852.25, 114);
INSERT INTO BankTransaction(IdBankTransaction,TransactionType,Amount,TransactionDate,BalanceAfter,FkAccount) VALUES(66, 'Withdrawal', 264.86, '2020-07-25', 3721.94, 16);
INSERT INTO BankTransaction(IdBankTransaction,TransactionType,Amount,TransactionDate,BalanceAfter,FkAccount) VALUES(67, 'Deposit', 895.14, '2015-01-04', 5565.6, 92);
INSERT INTO BankTransaction(IdBankTransaction,TransactionType,Amount,TransactionDate,BalanceAfter,FkAccount) VALUES(68, 'Withdrawal', 916.4, '2019-02-17', 1561.2600000000002, 70);
INSERT INTO BankTransaction(IdBankTransaction,TransactionType,Amount,TransactionDate,BalanceAfter,FkAccount) VALUES(69, 'Withdrawal', 152.73, '2020-12-20', 350.79999999999995, 100);
INSERT INTO BankTransaction(IdBankTransaction,TransactionType,Amount,TransactionDate,BalanceAfter,FkAccount) VALUES(70, 'Deposit', 935.85, '2020-03-05', 1633.73, 84);
INSERT INTO BankTransaction(IdBankTransaction,TransactionType,Amount,TransactionDate,BalanceAfter,FkAccount) VALUES(71, 'Withdrawal', 652.17, '2018-04-13', -273.12999999999994, 18);
INSERT INTO BankTransaction(IdBankTransaction,TransactionType,Amount,TransactionDate,BalanceAfter,FkAccount) VALUES(72_2, 'Transfer Received', 379.34, '2018-01-27', 3627.4700000000003, 147);
INSERT INTO BankTransaction(IdBankTransaction,TransactionType,Amount,TransactionDate,BalanceAfter,FkAccount) VALUES(72, 'Transfer', 379.34, '2018-01-27', 2315.29, 65);
INSERT INTO BankTransaction(IdBankTransaction,TransactionType,Amount,TransactionDate,BalanceAfter,FkAccount) VALUES(73, 'Withdrawal', 679.08, '2021-04-17', 2159.8, 174);
INSERT INTO BankTransaction(IdBankTransaction,TransactionType,Amount,TransactionDate,BalanceAfter,FkAccount) VALUES(74, 'Deposit', 578.31, '2015-03-04', 1602.46, 20);
INSERT INTO BankTransaction(IdBankTransaction,TransactionType,Amount,TransactionDate,BalanceAfter,FkAccount) VALUES(75_2, 'Transfer Received', 800.96, '2021-08-05', 4804.6900000000005, 148);
INSERT INTO BankTransaction(IdBankTransaction,TransactionType,Amount,TransactionDate,BalanceAfter,FkAccount) VALUES(75, 'Transfer', 800.96, '2021-08-05', 147.02999999999986, 87);
INSERT INTO BankTransaction(IdBankTransaction,TransactionType,Amount,TransactionDate,BalanceAfter,FkAccount) VALUES(76, 'Withdrawal', 683.51, '2015-08-18', 1899.64, 98);
INSERT INTO BankTransaction(IdBankTransaction,TransactionType,Amount,TransactionDate,BalanceAfter,FkAccount) VALUES(77, 'Deposit', 809.22, '2017-07-01', 5133.240000000001, 32);
INSERT INTO BankTransaction(IdBankTransaction,TransactionType,Amount,TransactionDate,BalanceAfter,FkAccount) VALUES(78, 'Deposit', 807.24, '2020-03-27', 2343.75, 17);
INSERT INTO BankTransaction(IdBankTransaction,TransactionType,Amount,TransactionDate,BalanceAfter,FkAccount) VALUES(79, 'Withdrawal', 656.2, '2020-01-29', 994.75, 85);
INSERT INTO BankTransaction(IdBankTransaction,TransactionType,Amount,TransactionDate,BalanceAfter,FkAccount) VALUES(80, 'Deposit', 628.19, '2018-08-25', 3793.28, 170);
INSERT INTO BankTransaction(IdBankTransaction,TransactionType,Amount,TransactionDate,BalanceAfter,FkAccount) VALUES(81, 'Withdrawal', 909.87, '2018-02-18', 1133.71, 31);
INSERT INTO BankTransaction(IdBankTransaction,TransactionType,Amount,TransactionDate,BalanceAfter,FkAccount) VALUES(82, 'Deposit', 493.31, '2015-06-01', 841.8299999999999, 119);
INSERT INTO BankTransaction(IdBankTransaction,TransactionType,Amount,TransactionDate,BalanceAfter,FkAccount) VALUES(83_2, 'Transfer Received', 540.07, '2015-04-29', 4683.19, 115);
INSERT INTO BankTransaction(IdBankTransaction,TransactionType,Amount,TransactionDate,BalanceAfter,FkAccount) VALUES(83, 'Transfer', 540.07, '2015-04-29', 724.2399999999999, 97);
INSERT INTO BankTransaction(IdBankTransaction,TransactionType,Amount,TransactionDate,BalanceAfter,FkAccount) VALUES(84_2, 'Transfer Received', 384.11, '2017-01-23', 549.61, 95);
INSERT INTO BankTransaction(IdBankTransaction,TransactionType,Amount,TransactionDate,BalanceAfter,FkAccount) VALUES(84, 'Transfer', 384.11, '2017-01-23', -483.34000000000003, 150);
INSERT INTO BankTransaction(IdBankTransaction,TransactionType,Amount,TransactionDate,BalanceAfter,FkAccount) VALUES(85, 'Withdrawal', 504.78, '2022-04-01', 991.5799999999999, 159);
INSERT INTO BankTransaction(IdBankTransaction,TransactionType,Amount,TransactionDate,BalanceAfter,FkAccount) VALUES(86, 'Withdrawal', 65.41, '2020-07-03', 2370.3, 36);
INSERT INTO BankTransaction(IdBankTransaction,TransactionType,Amount,TransactionDate,BalanceAfter,FkAccount) VALUES(87, 'Deposit', 914.57, '2018-10-24', 2517.03, 20);
INSERT INTO BankTransaction(IdBankTransaction,TransactionType,Amount,TransactionDate,BalanceAfter,FkAccount) VALUES(88, 'Deposit', 445.6, '2016-04-24', 1971.3000000000002, 124);
INSERT INTO BankTransaction(IdBankTransaction,TransactionType,Amount,TransactionDate,BalanceAfter,FkAccount) VALUES(89_2, 'Transfer Received', 685.02, '2015-04-01', 5368.209999999999, 115);
INSERT INTO BankTransaction(IdBankTransaction,TransactionType,Amount,TransactionDate,BalanceAfter,FkAccount) VALUES(89, 'Transfer', 685.02, '2015-04-01', 2482.95, 167);
INSERT INTO BankTransaction(IdBankTransaction,TransactionType,Amount,TransactionDate,BalanceAfter,FkAccount) VALUES(90_2, 'Transfer Received', 742.97, '2018-08-14', 3445.4700000000003, 41);
INSERT INTO BankTransaction(IdBankTransaction,TransactionType,Amount,TransactionDate,BalanceAfter,FkAccount) VALUES(90, 'Transfer', 742.97, '2018-08-14', 2616.1000000000004, 5);
INSERT INTO BankTransaction(IdBankTransaction,TransactionType,Amount,TransactionDate,BalanceAfter,FkAccount) VALUES(91_2, 'Transfer Received', 200.7, '2019-03-11', 3925.76, 15);
INSERT INTO BankTransaction(IdBankTransaction,TransactionType,Amount,TransactionDate,BalanceAfter,FkAccount) VALUES(91, 'Transfer', 200.7, '2019-03-11', 1498.7999999999997, 40);
INSERT INTO BankTransaction(IdBankTransaction,TransactionType,Amount,TransactionDate,BalanceAfter,FkAccount) VALUES(92_2, 'Transfer Received', 752.5, '2022-03-16', 2165.64, 67);
INSERT INTO BankTransaction(IdBankTransaction,TransactionType,Amount,TransactionDate,BalanceAfter,FkAccount) VALUES(92, 'Transfer', 752.5, '2022-03-16', 1760.17, 134);
INSERT INTO BankTransaction(IdBankTransaction,TransactionType,Amount,TransactionDate,BalanceAfter,FkAccount) VALUES(93, 'Deposit', 958.12, '2021-09-03', 1799.9499999999998, 119);
INSERT INTO BankTransaction(IdBankTransaction,TransactionType,Amount,TransactionDate,BalanceAfter,FkAccount) VALUES(94, 'Deposit', 943.83, '2019-03-06', 1935.4099999999999, 159);
INSERT INTO BankTransaction(IdBankTransaction,TransactionType,Amount,TransactionDate,BalanceAfter,FkAccount) VALUES(95, 'Deposit', 727.76, '2021-02-24', 1078.56, 100);
INSERT INTO BankTransaction(IdBankTransaction,TransactionType,Amount,TransactionDate,BalanceAfter,FkAccount) VALUES(96_2, 'Transfer Received', 592.11, '2018-11-03', 1652.1599999999999, 1);
INSERT INTO BankTransaction(IdBankTransaction,TransactionType,Amount,TransactionDate,BalanceAfter,FkAccount) VALUES(96, 'Transfer', 592.11, '2018-11-03', 3290.4599999999996, 152);
INSERT INTO BankTransaction(IdBankTransaction,TransactionType,Amount,TransactionDate,BalanceAfter,FkAccount) VALUES(97, 'Deposit', 73.16, '2019-05-11', 3994.2999999999997, 94);
INSERT INTO BankTransaction(IdBankTransaction,TransactionType,Amount,TransactionDate,BalanceAfter,FkAccount) VALUES(98_2, 'Transfer Received', 140.56, '2022-09-24', 1494.8, 146);
INSERT INTO BankTransaction(IdBankTransaction,TransactionType,Amount,TransactionDate,BalanceAfter,FkAccount) VALUES(98, 'Transfer', 140.56, '2022-09-24', 2026.9900000000002, 77);
INSERT INTO BankTransaction(IdBankTransaction,TransactionType,Amount,TransactionDate,BalanceAfter,FkAccount) VALUES(99, 'Deposit', 110.82, '2015-07-06', 3832.76, 16);
INSERT INTO BankTransaction(IdBankTransaction,TransactionType,Amount,TransactionDate,BalanceAfter,FkAccount) VALUES(100, 'Withdrawal', 582.76, '2020-09-04', 3765.3099999999995, 66);
INSERT INTO BankTransaction(IdBankTransaction,TransactionType,Amount,TransactionDate,BalanceAfter,FkAccount) VALUES(101_2, 'Transfer Received', 543.2, '2015-11-13', 2139.89, 162);
INSERT INTO BankTransaction(IdBankTransaction,TransactionType,Amount,TransactionDate,BalanceAfter,FkAccount) VALUES(101, 'Transfer', 543.2, '2015-11-13', 3132.2299999999996, 14);
INSERT INTO BankTransaction(IdBankTransaction,TransactionType,Amount,TransactionDate,BalanceAfter,FkAccount) VALUES(102, 'Deposit', 944.8, '2021-10-22', 2078.51, 31);
INSERT INTO BankTransaction(IdBankTransaction,TransactionType,Amount,TransactionDate,BalanceAfter,FkAccount) VALUES(103, 'Withdrawal', 442.07, '2020-01-11', 1160.94, 166);
INSERT INTO BankTransaction(IdBankTransaction,TransactionType,Amount,TransactionDate,BalanceAfter,FkAccount) VALUES(104, 'Deposit', 351.08, '2018-08-01', 3579.3199999999997, 79);
INSERT INTO BankTransaction(IdBankTransaction,TransactionType,Amount,TransactionDate,BalanceAfter,FkAccount) VALUES(105, 'Withdrawal', 972.94, '2020-08-20', 879.31, 114);
INSERT INTO BankTransaction(IdBankTransaction,TransactionType,Amount,TransactionDate,BalanceAfter,FkAccount) VALUES(106_2, 'Transfer Received', 477.79, '2022-11-16', 3995.62, 130);
INSERT INTO BankTransaction(IdBankTransaction,TransactionType,Amount,TransactionDate,BalanceAfter,FkAccount) VALUES(106, 'Transfer', 477.79, '2022-11-16', 3659.9800000000005, 44);
INSERT INTO BankTransaction(IdBankTransaction,TransactionType,Amount,TransactionDate,BalanceAfter,FkAccount) VALUES(107, 'Deposit', 982.08, '2019-02-03', 4983.67, 48);
INSERT INTO BankTransaction(IdBankTransaction,TransactionType,Amount,TransactionDate,BalanceAfter,FkAccount) VALUES(108, 'Withdrawal', 117.99, '2021-03-29', 2819.4400000000005, 144);
INSERT INTO BankTransaction(IdBankTransaction,TransactionType,Amount,TransactionDate,BalanceAfter,FkAccount) VALUES(109_2, 'Transfer Received', 657.33, '2015-06-19', 4913.13, 89);
INSERT INTO BankTransaction(IdBankTransaction,TransactionType,Amount,TransactionDate,BalanceAfter,FkAccount) VALUES(109, 'Transfer', 657.33, '2015-06-19', 4174.36, 83);
INSERT INTO BankTransaction(IdBankTransaction,TransactionType,Amount,TransactionDate,BalanceAfter,FkAccount) VALUES(110, 'Deposit', 824.7, '2016-09-07', 2551.6400000000003, 78);
INSERT INTO BankTransaction(IdBankTransaction,TransactionType,Amount,TransactionDate,BalanceAfter,FkAccount) VALUES(111, 'Deposit', 979.63, '2016-10-29', 1204.46, 53);
INSERT INTO BankTransaction(IdBankTransaction,TransactionType,Amount,TransactionDate,BalanceAfter,FkAccount) VALUES(112, 'Deposit', 879.79, '2017-01-18', 2815.2, 159);
INSERT INTO BankTransaction(IdBankTransaction,TransactionType,Amount,TransactionDate,BalanceAfter,FkAccount) VALUES(113, 'Withdrawal', 864.52, '2015-03-28', 1106.7800000000002, 124);
INSERT INTO BankTransaction(IdBankTransaction,TransactionType,Amount,TransactionDate,BalanceAfter,FkAccount) VALUES(114_2, 'Transfer Received', 324.42, '2022-11-18', 931.7, 104);
INSERT INTO BankTransaction(IdBankTransaction,TransactionType,Amount,TransactionDate,BalanceAfter,FkAccount) VALUES(114, 'Transfer', 324.42, '2022-11-18', 3101.06, 10);
INSERT INTO BankTransaction(IdBankTransaction,TransactionType,Amount,TransactionDate,BalanceAfter,FkAccount) VALUES(115, 'Deposit', 590.32, '2019-07-28', 4540.1, 131);
INSERT INTO BankTransaction(IdBankTransaction,TransactionType,Amount,TransactionDate,BalanceAfter,FkAccount) VALUES(116_2, 'Transfer Received', 294.52, '2020-04-23', 3556.6299999999997, 59);
INSERT INTO BankTransaction(IdBankTransaction,TransactionType,Amount,TransactionDate,BalanceAfter,FkAccount) VALUES(116, 'Transfer', 294.52, '2020-04-23', 1390.1100000000001, 68);
INSERT INTO BankTransaction(IdBankTransaction,TransactionType,Amount,TransactionDate,BalanceAfter,FkAccount) VALUES(117_2, 'Transfer Received', 583.32, '2017-01-04', 1183.2800000000002, 88);
INSERT INTO BankTransaction(IdBankTransaction,TransactionType,Amount,TransactionDate,BalanceAfter,FkAccount) VALUES(117, 'Transfer', 583.32, '2017-01-04', 1582.3199999999997, 67);
INSERT INTO BankTransaction(IdBankTransaction,TransactionType,Amount,TransactionDate,BalanceAfter,FkAccount) VALUES(118, 'Deposit', 503.17, '2016-01-27', 4677.53, 83);
INSERT INTO BankTransaction(IdBankTransaction,TransactionType,Amount,TransactionDate,BalanceAfter,FkAccount) VALUES(119, 'Withdrawal', 564.32, '2021-09-12', 4108.97, 91);
INSERT INTO BankTransaction(IdBankTransaction,TransactionType,Amount,TransactionDate,BalanceAfter,FkAccount) VALUES(120, 'Deposit', 740.95, '2020-10-04', 3231.42, 90);
INSERT INTO BankTransaction(IdBankTransaction,TransactionType,Amount,TransactionDate,BalanceAfter,FkAccount) VALUES(121, 'Withdrawal', 727.59, '2022-01-14', 4466.53, 113);
INSERT INTO BankTransaction(IdBankTransaction,TransactionType,Amount,TransactionDate,BalanceAfter,FkAccount) VALUES(122_2, 'Transfer Received', 484.44, '2018-05-01', 1477.3, 96);
INSERT INTO BankTransaction(IdBankTransaction,TransactionType,Amount,TransactionDate,BalanceAfter,FkAccount) VALUES(122, 'Transfer', 484.44, '2018-05-01', 2796.21, 158);
INSERT INTO BankTransaction(IdBankTransaction,TransactionType,Amount,TransactionDate,BalanceAfter,FkAccount) VALUES(123, 'Withdrawal', 796.36, '2018-09-02', 3261.49, 86);
INSERT INTO BankTransaction(IdBankTransaction,TransactionType,Amount,TransactionDate,BalanceAfter,FkAccount) VALUES(124, 'Withdrawal', 402.85, '2016-02-25', 1179.4699999999998, 67);
INSERT INTO BankTransaction(IdBankTransaction,TransactionType,Amount,TransactionDate,BalanceAfter,FkAccount) VALUES(125, 'Deposit', 178.39, '2020-05-20', -97.0, 42);
INSERT INTO BankTransaction(IdBankTransaction,TransactionType,Amount,TransactionDate,BalanceAfter,FkAccount) VALUES(126, 'Withdrawal', 702.85, '2015-12-25', -68.27999999999997, 25);
INSERT INTO BankTransaction(IdBankTransaction,TransactionType,Amount,TransactionDate,BalanceAfter,FkAccount) VALUES(127, 'Deposit', 239.36, '2022-10-09', 2986.58, 72);
INSERT INTO BankTransaction(IdBankTransaction,TransactionType,Amount,TransactionDate,BalanceAfter,FkAccount) VALUES(128_2, 'Transfer Received', 317.86, '2018-02-09', 2078.03, 134);
INSERT INTO BankTransaction(IdBankTransaction,TransactionType,Amount,TransactionDate,BalanceAfter,FkAccount) VALUES(128, 'Transfer', 317.86, '2018-02-09', 3607.9, 15);
INSERT INTO BankTransaction(IdBankTransaction,TransactionType,Amount,TransactionDate,BalanceAfter,FkAccount) VALUES(129, 'Withdrawal', 394.11, '2015-01-03', 3265.8700000000003, 44);
INSERT INTO BankTransaction(IdBankTransaction,TransactionType,Amount,TransactionDate,BalanceAfter,FkAccount) VALUES(130, 'Withdrawal', 125.95, '2019-08-19', 801.8399999999999, 133);
INSERT INTO BankTransaction(IdBankTransaction,TransactionType,Amount,TransactionDate,BalanceAfter,FkAccount) VALUES(131, 'Deposit', 549.71, '2017-03-08', 4115.889999999999, 93);
INSERT INTO BankTransaction(IdBankTransaction,TransactionType,Amount,TransactionDate,BalanceAfter,FkAccount) VALUES(132_2, 'Transfer Received', 41.28, '2020-12-25', 4953.11, 107);
INSERT INTO BankTransaction(IdBankTransaction,TransactionType,Amount,TransactionDate,BalanceAfter,FkAccount) VALUES(132, 'Transfer', 41.28, '2020-12-25', 3404.19, 41);
INSERT INTO BankTransaction(IdBankTransaction,TransactionType,Amount,TransactionDate,BalanceAfter,FkAccount) VALUES(133, 'Deposit', 222.39, '2018-03-15', 3849.86, 147);
INSERT INTO BankTransaction(IdBankTransaction,TransactionType,Amount,TransactionDate,BalanceAfter,FkAccount) VALUES(134, 'Deposit', 483.11, '2018-03-09', 5219.299999999999, 132);
INSERT INTO BankTransaction(IdBankTransaction,TransactionType,Amount,TransactionDate,BalanceAfter,FkAccount) VALUES(135, 'Withdrawal', 490.92, '2018-07-06', 688.5499999999997, 67);
INSERT INTO BankTransaction(IdBankTransaction,TransactionType,Amount,TransactionDate,BalanceAfter,FkAccount) VALUES(136, 'Deposit', 163.52, '2022-03-15', 1615.42, 6);
INSERT INTO BankTransaction(IdBankTransaction,TransactionType,Amount,TransactionDate,BalanceAfter,FkAccount) VALUES(137, 'Deposit', 763.88, '2022-11-03', 2241.18, 96);
INSERT INTO BankTransaction(IdBankTransaction,TransactionType,Amount,TransactionDate,BalanceAfter,FkAccount) VALUES(138, 'Deposit', 400.79, '2015-08-10', 3530.32, 120);
INSERT INTO BankTransaction(IdBankTransaction,TransactionType,Amount,TransactionDate,BalanceAfter,FkAccount) VALUES(139_2, 'Transfer Received', 91.75, '2016-01-20', 2170.26, 31);
INSERT INTO BankTransaction(IdBankTransaction,TransactionType,Amount,TransactionDate,BalanceAfter,FkAccount) VALUES(139, 'Transfer', 91.75, '2016-01-20', 3487.5699999999997, 79);
INSERT INTO BankTransaction(IdBankTransaction,TransactionType,Amount,TransactionDate,BalanceAfter,FkAccount) VALUES(140_2, 'Transfer Received', 61.02, '2016-06-28', 3043.64, 140);
INSERT INTO BankTransaction(IdBankTransaction,TransactionType,Amount,TransactionDate,BalanceAfter,FkAccount) VALUES(140, 'Transfer', 61.02, '2016-06-28', 4436.199999999999, 175);
INSERT INTO BankTransaction(IdBankTransaction,TransactionType,Amount,TransactionDate,BalanceAfter,FkAccount) VALUES(141_2, 'Transfer Received', 330.35, '2019-02-26', 1491.29, 166);
INSERT INTO BankTransaction(IdBankTransaction,TransactionType,Amount,TransactionDate,BalanceAfter,FkAccount) VALUES(141, 'Transfer', 330.35, '2019-02-26', 1631.9900000000002, 105);
INSERT INTO BankTransaction(IdBankTransaction,TransactionType,Amount,TransactionDate,BalanceAfter,FkAccount) VALUES(142_2, 'Transfer Received', 598.11, '2015-04-06', 2364.4900000000002, 143);
INSERT INTO BankTransaction(IdBankTransaction,TransactionType,Amount,TransactionDate,BalanceAfter,FkAccount) VALUES(142, 'Transfer', 598.11, '2015-04-06', 677.61, 54);
INSERT INTO BankTransaction(IdBankTransaction,TransactionType,Amount,TransactionDate,BalanceAfter,FkAccount) VALUES(143, 'Deposit', 350.67, '2015-12-16', 3601.89, 111);
INSERT INTO BankTransaction(IdBankTransaction,TransactionType,Amount,TransactionDate,BalanceAfter,FkAccount) VALUES(144, 'Withdrawal', 31.55, '2017-08-22', 3258.9099999999994, 152);
INSERT INTO BankTransaction(IdBankTransaction,TransactionType,Amount,TransactionDate,BalanceAfter,FkAccount) VALUES(145, 'Deposit', 519.15, '2018-10-04', 4972.87, 76);
INSERT INTO BankTransaction(IdBankTransaction,TransactionType,Amount,TransactionDate,BalanceAfter,FkAccount) VALUES(146, 'Deposit', 907.4, '2016-01-20', 4394.969999999999, 79);
INSERT INTO BankTransaction(IdBankTransaction,TransactionType,Amount,TransactionDate,BalanceAfter,FkAccount) VALUES(147, 'Deposit', 631.41, '2020-07-19', 6444.09, 61);
INSERT INTO BankTransaction(IdBankTransaction,TransactionType,Amount,TransactionDate,BalanceAfter,FkAccount) VALUES(148, 'Withdrawal', 577.75, '2022-08-03', 1575.71, 39);
INSERT INTO BankTransaction(IdBankTransaction,TransactionType,Amount,TransactionDate,BalanceAfter,FkAccount) VALUES(149, 'Withdrawal', 520.15, '2016-12-09', 1795.1399999999999, 65);
INSERT INTO BankTransaction(IdBankTransaction,TransactionType,Amount,TransactionDate,BalanceAfter,FkAccount) VALUES(150, 'Deposit', 487.98, '2022-08-24', 3151.07, 154);
INSERT INTO BankTransaction(IdBankTransaction,TransactionType,Amount,TransactionDate,BalanceAfter,FkAccount) VALUES(151_2, 'Transfer Received', 226.28, '2022-08-30', 3858.15, 35);
INSERT INTO BankTransaction(IdBankTransaction,TransactionType,Amount,TransactionDate,BalanceAfter,FkAccount) VALUES(151, 'Transfer', 226.28, '2022-08-30', 4686.85, 89);
INSERT INTO BankTransaction(IdBankTransaction,TransactionType,Amount,TransactionDate,BalanceAfter,FkAccount) VALUES(152, 'Deposit', 859.64, '2019-03-22', 5150.93, 50);
INSERT INTO BankTransaction(IdBankTransaction,TransactionType,Amount,TransactionDate,BalanceAfter,FkAccount) VALUES(153_2, 'Transfer Received', 205.83, '2016-07-16', 5010.52, 148);
INSERT INTO BankTransaction(IdBankTransaction,TransactionType,Amount,TransactionDate,BalanceAfter,FkAccount) VALUES(153, 'Transfer', 205.83, '2016-07-16', 1252.5, 110);
INSERT INTO BankTransaction(IdBankTransaction,TransactionType,Amount,TransactionDate,BalanceAfter,FkAccount) VALUES(154_2, 'Transfer Received', 587.24, '2017-04-05', 5521.099999999999, 161);
INSERT INTO BankTransaction(IdBankTransaction,TransactionType,Amount,TransactionDate,BalanceAfter,FkAccount) VALUES(154, 'Transfer', 587.24, '2017-04-05', 315.79999999999995, 139);
INSERT INTO BankTransaction(IdBankTransaction,TransactionType,Amount,TransactionDate,BalanceAfter,FkAccount) VALUES(155, 'Withdrawal', 418.75, '2015-07-01', 3697.1399999999994, 93);
INSERT INTO BankTransaction(IdBankTransaction,TransactionType,Amount,TransactionDate,BalanceAfter,FkAccount) VALUES(156_2, 'Transfer Received', 324.54, '2018-10-11', 5890.14, 92);
INSERT INTO BankTransaction(IdBankTransaction,TransactionType,Amount,TransactionDate,BalanceAfter,FkAccount) VALUES(156, 'Transfer', 324.54, '2018-10-11', 1568.82, 22);
INSERT INTO BankTransaction(IdBankTransaction,TransactionType,Amount,TransactionDate,BalanceAfter,FkAccount) VALUES(157, 'Withdrawal', 391.49, '2016-04-23', 1330.15, 33);
INSERT INTO BankTransaction(IdBankTransaction,TransactionType,Amount,TransactionDate,BalanceAfter,FkAccount) VALUES(158_2, 'Transfer Received', 835.69, '2020-06-23', 2018.9700000000003, 88);
INSERT INTO BankTransaction(IdBankTransaction,TransactionType,Amount,TransactionDate,BalanceAfter,FkAccount) VALUES(158, 'Transfer', 835.69, '2020-06-23', 2968.67, 75);
INSERT INTO BankTransaction(IdBankTransaction,TransactionType,Amount,TransactionDate,BalanceAfter,FkAccount) VALUES(159_2, 'Transfer Received', 399.29, '2018-12-28', 5225.07, 129);
INSERT INTO BankTransaction(IdBankTransaction,TransactionType,Amount,TransactionDate,BalanceAfter,FkAccount) VALUES(159, 'Transfer', 399.29, '2018-12-28', 480.0199999999999, 114);
INSERT INTO BankTransaction(IdBankTransaction,TransactionType,Amount,TransactionDate,BalanceAfter,FkAccount) VALUES(160_2, 'Transfer Received', 933.76, '2020-07-20', 4034.8199999999997, 10);
INSERT INTO BankTransaction(IdBankTransaction,TransactionType,Amount,TransactionDate,BalanceAfter,FkAccount) VALUES(160, 'Transfer', 933.76, '2020-07-20', 861.3799999999999, 65);
INSERT INTO BankTransaction(IdBankTransaction,TransactionType,Amount,TransactionDate,BalanceAfter,FkAccount) VALUES(161, 'Withdrawal', 988.82, '2017-11-08', 1089.21, 134);
INSERT INTO BankTransaction(IdBankTransaction,TransactionType,Amount,TransactionDate,BalanceAfter,FkAccount) VALUES(162, 'Withdrawal', 25.5, '2020-08-04', 1462.3999999999999, 160);
INSERT INTO BankTransaction(IdBankTransaction,TransactionType,Amount,TransactionDate,BalanceAfter,FkAccount) VALUES(163, 'Withdrawal', 939.77, '2021-02-23', 1577.35, 46);
INSERT INTO BankTransaction(IdBankTransaction,TransactionType,Amount,TransactionDate,BalanceAfter,FkAccount) VALUES(164, 'Withdrawal', 536.17, '2022-09-21', 4150.68, 89);
INSERT INTO BankTransaction(IdBankTransaction,TransactionType,Amount,TransactionDate,BalanceAfter,FkAccount) VALUES(165, 'Deposit', 169.01, '2018-07-30', 1737.83, 22);
INSERT INTO BankTransaction(IdBankTransaction,TransactionType,Amount,TransactionDate,BalanceAfter,FkAccount) VALUES(166_2, 'Transfer Received', 585.84, '2019-02-19', 4969.0, 12);
INSERT INTO BankTransaction(IdBankTransaction,TransactionType,Amount,TransactionDate,BalanceAfter,FkAccount) VALUES(166, 'Transfer', 585.84, '2019-02-19', 3630.88, 172);
INSERT INTO BankTransaction(IdBankTransaction,TransactionType,Amount,TransactionDate,BalanceAfter,FkAccount) VALUES(167, 'Deposit', 733.74, '2022-12-15', 4955.629999999999, 155);
INSERT INTO BankTransaction(IdBankTransaction,TransactionType,Amount,TransactionDate,BalanceAfter,FkAccount) VALUES(168, 'Deposit', 60.42, '2020-09-27', 2301.6, 96);
INSERT INTO BankTransaction(IdBankTransaction,TransactionType,Amount,TransactionDate,BalanceAfter,FkAccount) VALUES(169, 'Deposit', 992.81, '2019-04-29', 5545.8099999999995, 169);
INSERT INTO BankTransaction(IdBankTransaction,TransactionType,Amount,TransactionDate,BalanceAfter,FkAccount) VALUES(170_2, 'Transfer Received', 752.13, '2018-06-24', 4601.99, 147);
INSERT INTO BankTransaction(IdBankTransaction,TransactionType,Amount,TransactionDate,BalanceAfter,FkAccount) VALUES(170, 'Transfer', 752.13, '2018-06-24', -453.05999999999995, 149);
INSERT INTO BankTransaction(IdBankTransaction,TransactionType,Amount,TransactionDate,BalanceAfter,FkAccount) VALUES(171_2, 'Transfer Received', 75.14, '2019-03-04', 4070.7599999999998, 130);
INSERT INTO BankTransaction(IdBankTransaction,TransactionType,Amount,TransactionDate,BalanceAfter,FkAccount) VALUES(171, 'Transfer', 75.14, '2019-03-04', -143.41999999999996, 25);
INSERT INTO BankTransaction(IdBankTransaction,TransactionType,Amount,TransactionDate,BalanceAfter,FkAccount) VALUES(172_2, 'Transfer Received', 472.86, '2017-12-25', 2104.8500000000004, 105);
INSERT INTO BankTransaction(IdBankTransaction,TransactionType,Amount,TransactionDate,BalanceAfter,FkAccount) VALUES(172, 'Transfer', 472.86, '2017-12-25', 2913.12, 116);
INSERT INTO BankTransaction(IdBankTransaction,TransactionType,Amount,TransactionDate,BalanceAfter,FkAccount) VALUES(173_2, 'Transfer Received', 567.04, '2021-08-12', 1957.15, 68);
INSERT INTO BankTransaction(IdBankTransaction,TransactionType,Amount,TransactionDate,BalanceAfter,FkAccount) VALUES(173, 'Transfer', 567.04, '2021-08-12', 2248.16, 159);
INSERT INTO BankTransaction(IdBankTransaction,TransactionType,Amount,TransactionDate,BalanceAfter,FkAccount) VALUES(174_2, 'Transfer Received', 771.03, '2020-03-26', 5653.91, 37);
INSERT INTO BankTransaction(IdBankTransaction,TransactionType,Amount,TransactionDate,BalanceAfter,FkAccount) VALUES(174, 'Transfer', 771.03, '2020-03-26', 1368.86, 162);
INSERT INTO BankTransaction(IdBankTransaction,TransactionType,Amount,TransactionDate,BalanceAfter,FkAccount) VALUES(175, 'Withdrawal', 555.04, '2019-11-22', 2981.55, 3);
INSERT INTO BankTransaction(IdBankTransaction,TransactionType,Amount,TransactionDate,BalanceAfter,FkAccount) VALUES(176, 'Deposit', 336.05, '2022-03-30', 2679.8, 17);
INSERT INTO BankTransaction(IdBankTransaction,TransactionType,Amount,TransactionDate,BalanceAfter,FkAccount) VALUES(177, 'Withdrawal', 40.79, '2015-05-04', 4358.08, 52);
INSERT INTO BankTransaction(IdBankTransaction,TransactionType,Amount,TransactionDate,BalanceAfter,FkAccount) VALUES(178_2, 'Transfer Received', 985.52, '2020-06-11', 5020.34, 10);
INSERT INTO BankTransaction(IdBankTransaction,TransactionType,Amount,TransactionDate,BalanceAfter,FkAccount) VALUES(178, 'Transfer', 985.52, '2020-06-11', 2847.8399999999997, 8);
INSERT INTO BankTransaction(IdBankTransaction,TransactionType,Amount,TransactionDate,BalanceAfter,FkAccount) VALUES(179_2, 'Transfer Received', 86.02, '2017-04-08', 192.0999999999999, 4);
INSERT INTO BankTransaction(IdBankTransaction,TransactionType,Amount,TransactionDate,BalanceAfter,FkAccount) VALUES(179, 'Transfer', 86.02, '2017-04-08', 1813.6200000000001, 98);
INSERT INTO BankTransaction(IdBankTransaction,TransactionType,Amount,TransactionDate,BalanceAfter,FkAccount) VALUES(180_2, 'Transfer Received', 423.64, '2016-02-02', 3405.19, 3);
INSERT INTO BankTransaction(IdBankTransaction,TransactionType,Amount,TransactionDate,BalanceAfter,FkAccount) VALUES(180, 'Transfer', 423.64, '2016-02-02', 3536.4500000000003, 168);
INSERT INTO BankTransaction(IdBankTransaction,TransactionType,Amount,TransactionDate,BalanceAfter,FkAccount) VALUES(181, 'Withdrawal', 98.12, '2021-01-09', 980.4399999999999, 100);
INSERT INTO BankTransaction(IdBankTransaction,TransactionType,Amount,TransactionDate,BalanceAfter,FkAccount) VALUES(182, 'Deposit', 581.67, '2022-03-27', 4320.11, 81);
INSERT INTO BankTransaction(IdBankTransaction,TransactionType,Amount,TransactionDate,BalanceAfter,FkAccount) VALUES(183_2, 'Transfer Received', 607.8, '2016-05-17', 2767.6000000000004, 174);
INSERT INTO BankTransaction(IdBankTransaction,TransactionType,Amount,TransactionDate,BalanceAfter,FkAccount) VALUES(183, 'Transfer', 607.8, '2016-05-17', 1007.6200000000001, 6);
INSERT INTO BankTransaction(IdBankTransaction,TransactionType,Amount,TransactionDate,BalanceAfter,FkAccount) VALUES(184, 'Withdrawal', 545.01, '2022-12-15', 2587.2199999999993, 14);
INSERT INTO BankTransaction(IdBankTransaction,TransactionType,Amount,TransactionDate,BalanceAfter,FkAccount) VALUES(185_2, 'Transfer Received', 223.16, '2018-03-19', 2328.01, 105);
INSERT INTO BankTransaction(IdBankTransaction,TransactionType,Amount,TransactionDate,BalanceAfter,FkAccount) VALUES(185, 'Transfer', 223.16, '2018-03-19', 2364.0599999999995, 14);
INSERT INTO BankTransaction(IdBankTransaction,TransactionType,Amount,TransactionDate,BalanceAfter,FkAccount) VALUES(186_2, 'Transfer Received', 672.42, '2022-07-14', 3352.2200000000003, 17);
INSERT INTO BankTransaction(IdBankTransaction,TransactionType,Amount,TransactionDate,BalanceAfter,FkAccount) VALUES(186, 'Transfer', 672.42, '2022-07-14', 308.02, 100);
INSERT INTO BankTransaction(IdBankTransaction,TransactionType,Amount,TransactionDate,BalanceAfter,FkAccount) VALUES(187, 'Deposit', 515.3, '2019-02-11', 1510.05, 85);
INSERT INTO BankTransaction(IdBankTransaction,TransactionType,Amount,TransactionDate,BalanceAfter,FkAccount) VALUES(188, 'Withdrawal', 466.92, '2016-11-05', 13.099999999999909, 114);
INSERT INTO BankTransaction(IdBankTransaction,TransactionType,Amount,TransactionDate,BalanceAfter,FkAccount) VALUES(189_2, 'Transfer Received', 824.35, '2020-09-25', 5260.549999999999, 175);
INSERT INTO BankTransaction(IdBankTransaction,TransactionType,Amount,TransactionDate,BalanceAfter,FkAccount) VALUES(189, 'Transfer', 824.35, '2020-09-25', 975.5999999999998, 119);
INSERT INTO BankTransaction(IdBankTransaction,TransactionType,Amount,TransactionDate,BalanceAfter,FkAccount) VALUES(190, 'Deposit', 227.46, '2017-04-27', 2560.45, 141);
INSERT INTO BankTransaction(IdBankTransaction,TransactionType,Amount,TransactionDate,BalanceAfter,FkAccount) VALUES(191, 'Withdrawal', 558.19, '2017-06-02', 4414.68, 76);
INSERT INTO BankTransaction(IdBankTransaction,TransactionType,Amount,TransactionDate,BalanceAfter,FkAccount) VALUES(192_2, 'Transfer Received', 717.03, '2015-09-14', 4047.88, 123);
INSERT INTO BankTransaction(IdBankTransaction,TransactionType,Amount,TransactionDate,BalanceAfter,FkAccount) VALUES(192, 'Transfer', 717.03, '2015-09-14', 1309.9600000000003, 77);
INSERT INTO BankTransaction(IdBankTransaction,TransactionType,Amount,TransactionDate,BalanceAfter,FkAccount) VALUES(193, 'Withdrawal', 54.45, '2015-11-13', 1255.5100000000002, 77);
INSERT INTO BankTransaction(IdBankTransaction,TransactionType,Amount,TransactionDate,BalanceAfter,FkAccount) VALUES(194_2, 'Transfer Received', 721.52, '2018-06-30', 2459.35, 22);
INSERT INTO BankTransaction(IdBankTransaction,TransactionType,Amount,TransactionDate,BalanceAfter,FkAccount) VALUES(194, 'Transfer', 721.52, '2018-06-30', 4234.109999999999, 155);
INSERT INTO BankTransaction(IdBankTransaction,TransactionType,Amount,TransactionDate,BalanceAfter,FkAccount) VALUES(195, 'Deposit', 841.32, '2016-03-31', 3827.9, 72);
INSERT INTO BankTransaction(IdBankTransaction,TransactionType,Amount,TransactionDate,BalanceAfter,FkAccount) VALUES(196, 'Withdrawal', 226.15, '2015-05-14', 3539.1599999999994, 66);
INSERT INTO BankTransaction(IdBankTransaction,TransactionType,Amount,TransactionDate,BalanceAfter,FkAccount) VALUES(197_2, 'Transfer Received', 685.19, '2022-06-06', 5111.469999999999, 21);
INSERT INTO BankTransaction(IdBankTransaction,TransactionType,Amount,TransactionDate,BalanceAfter,FkAccount) VALUES(197, 'Transfer', 685.19, '2022-06-06', 2283.48, 75);
INSERT INTO BankTransaction(IdBankTransaction,TransactionType,Amount,TransactionDate,BalanceAfter,FkAccount) VALUES(198_2, 'Transfer Received', 37.34, '2016-08-21', 2493.2200000000003, 176);
INSERT INTO BankTransaction(IdBankTransaction,TransactionType,Amount,TransactionDate,BalanceAfter,FkAccount) VALUES(198, 'Transfer', 37.34, '2016-08-21', 5074.129999999999, 21);
INSERT INTO BankTransaction(IdBankTransaction,TransactionType,Amount,TransactionDate,BalanceAfter,FkAccount) VALUES(199_2, 'Transfer Received', 127.71, '2018-03-06', 5175.429999999999, 165);
INSERT INTO BankTransaction(IdBankTransaction,TransactionType,Amount,TransactionDate,BalanceAfter,FkAccount) VALUES(199, 'Transfer', 127.71, '2018-03-06', 3730.44, 35);
INSERT INTO BankTransaction(IdBankTransaction,TransactionType,Amount,TransactionDate,BalanceAfter,FkAccount) VALUES(200, 'Withdrawal', 75.79, '2021-01-31', 71.23999999999985, 87);
INSERT INTO BankTransaction(IdBankTransaction,TransactionType,Amount,TransactionDate,BalanceAfter,FkAccount) VALUES(201, 'Withdrawal', 164.91, '2016-12-11', 4823.85, 126);
INSERT INTO BankTransaction(IdBankTransaction,TransactionType,Amount,TransactionDate,BalanceAfter,FkAccount) VALUES(202_2, 'Transfer Received', 879.13, '2017-10-01', 1886.75, 6);
INSERT INTO BankTransaction(IdBankTransaction,TransactionType,Amount,TransactionDate,BalanceAfter,FkAccount) VALUES(202, 'Transfer', 879.13, '2017-10-01', 4521.83, 163);
INSERT INTO BankTransaction(IdBankTransaction,TransactionType,Amount,TransactionDate,BalanceAfter,FkAccount) VALUES(203_2, 'Transfer Received', 744.46, '2017-08-12', 5356.86, 62);
INSERT INTO BankTransaction(IdBankTransaction,TransactionType,Amount,TransactionDate,BalanceAfter,FkAccount) VALUES(203, 'Transfer', 744.46, '2017-08-12', 3489.6499999999987, 155);
INSERT INTO BankTransaction(IdBankTransaction,TransactionType,Amount,TransactionDate,BalanceAfter,FkAccount) VALUES(204_2, 'Transfer Received', 599.77, '2022-06-08', 633.49, 56);
INSERT INTO BankTransaction(IdBankTransaction,TransactionType,Amount,TransactionDate,BalanceAfter,FkAccount) VALUES(204, 'Transfer', 599.77, '2022-06-08', 311.6700000000001, 156);
INSERT INTO BankTransaction(IdBankTransaction,TransactionType,Amount,TransactionDate,BalanceAfter,FkAccount) VALUES(205, 'Deposit', 731.11, '2019-05-24', 4524.39, 170);
INSERT INTO BankTransaction(IdBankTransaction,TransactionType,Amount,TransactionDate,BalanceAfter,FkAccount) VALUES(206, 'Withdrawal', 818.63, '2015-10-08', 1351.63, 31);
INSERT INTO BankTransaction(IdBankTransaction,TransactionType,Amount,TransactionDate,BalanceAfter,FkAccount) VALUES(207, 'Deposit', 723.75, '2017-02-16', 4219.84, 64);
INSERT INTO BankTransaction(IdBankTransaction,TransactionType,Amount,TransactionDate,BalanceAfter,FkAccount) VALUES(208_2, 'Transfer Received', 771.48, '2015-08-21', 6661.620000000001, 92);
INSERT INTO BankTransaction(IdBankTransaction,TransactionType,Amount,TransactionDate,BalanceAfter,FkAccount) VALUES(208, 'Transfer', 771.48, '2015-08-21', 3056.42, 72);
INSERT INTO BankTransaction(IdBankTransaction,TransactionType,Amount,TransactionDate,BalanceAfter,FkAccount) VALUES(209, 'Deposit', 722.51, '2019-03-17', 4901.85, 145);
INSERT INTO BankTransaction(IdBankTransaction,TransactionType,Amount,TransactionDate,BalanceAfter,FkAccount) VALUES(210, 'Withdrawal', 743.56, '2017-12-28', 2204.67, 47);
INSERT INTO BankTransaction(IdBankTransaction,TransactionType,Amount,TransactionDate,BalanceAfter,FkAccount) VALUES(211, 'Withdrawal', 460.54, '2017-09-10', 400.83999999999986, 65);
INSERT INTO BankTransaction(IdBankTransaction,TransactionType,Amount,TransactionDate,BalanceAfter,FkAccount) VALUES(212, 'Withdrawal', 635.62, '2020-05-07', 4317.49, 107);
INSERT INTO BankTransaction(IdBankTransaction,TransactionType,Amount,TransactionDate,BalanceAfter,FkAccount) VALUES(213, 'Deposit', 743.24, '2020-03-27', 7404.860000000001, 92);
INSERT INTO BankTransaction(IdBankTransaction,TransactionType,Amount,TransactionDate,BalanceAfter,FkAccount) VALUES(214_2, 'Transfer Received', 758.49, '2022-11-01', 4065.42, 101);
INSERT INTO BankTransaction(IdBankTransaction,TransactionType,Amount,TransactionDate,BalanceAfter,FkAccount) VALUES(214, 'Transfer', 758.49, '2022-11-01', 4065.3600000000006, 126);
INSERT INTO BankTransaction(IdBankTransaction,TransactionType,Amount,TransactionDate,BalanceAfter,FkAccount) VALUES(215_2, 'Transfer Received', 603.29, '2022-01-10', 7047.38, 61);
INSERT INTO BankTransaction(IdBankTransaction,TransactionType,Amount,TransactionDate,BalanceAfter,FkAccount) VALUES(215, 'Transfer', 603.29, '2022-01-10', 2933.1600000000003, 168);
INSERT INTO BankTransaction(IdBankTransaction,TransactionType,Amount,TransactionDate,BalanceAfter,FkAccount) VALUES(216, 'Deposit', 648.95, '2020-03-10', 2000.5800000000002, 31);
INSERT INTO BankTransaction(IdBankTransaction,TransactionType,Amount,TransactionDate,BalanceAfter,FkAccount) VALUES(217, 'Deposit', 324.42, '2015-09-26', 1900.13, 39);
INSERT INTO BankTransaction(IdBankTransaction,TransactionType,Amount,TransactionDate,BalanceAfter,FkAccount) VALUES(218_2, 'Transfer Received', 197.08, '2019-01-14', 2748.7200000000003, 78);
INSERT INTO BankTransaction(IdBankTransaction,TransactionType,Amount,TransactionDate,BalanceAfter,FkAccount) VALUES(218, 'Transfer', 197.08, '2019-01-14', 4097.2300000000005, 151);
INSERT INTO BankTransaction(IdBankTransaction,TransactionType,Amount,TransactionDate,BalanceAfter,FkAccount) VALUES(219, 'Deposit', 901.8, '2015-11-01', 2788.55, 6);
INSERT INTO BankTransaction(IdBankTransaction,TransactionType,Amount,TransactionDate,BalanceAfter,FkAccount) VALUES(220_2, 'Transfer Received', 821.01, '2021-10-27', 4170.72, 82);
INSERT INTO BankTransaction(IdBankTransaction,TransactionType,Amount,TransactionDate,BalanceAfter,FkAccount) VALUES(220, 'Transfer', 821.01, '2021-10-27', 4398.289999999999, 132);
INSERT INTO BankTransaction(IdBankTransaction,TransactionType,Amount,TransactionDate,BalanceAfter,FkAccount) VALUES(221, 'Deposit', 619.53, '2015-04-25', 5297.0599999999995, 83);
INSERT INTO BankTransaction(IdBankTransaction,TransactionType,Amount,TransactionDate,BalanceAfter,FkAccount) VALUES(222, 'Withdrawal', 414.06, '2017-07-04', 4846.489999999999, 175);
INSERT INTO BankTransaction(IdBankTransaction,TransactionType,Amount,TransactionDate,BalanceAfter,FkAccount) VALUES(223_2, 'Transfer Received', 285.45, '2015-12-20', 3150.7599999999998, 13);
INSERT INTO BankTransaction(IdBankTransaction,TransactionType,Amount,TransactionDate,BalanceAfter,FkAccount) VALUES(223, 'Transfer', 285.45, '2015-12-20', 2373.32, 74);
INSERT INTO BankTransaction(IdBankTransaction,TransactionType,Amount,TransactionDate,BalanceAfter,FkAccount) VALUES(224, 'Deposit', 853.53, '2018-10-25', 4410.16, 59);
INSERT INTO BankTransaction(IdBankTransaction,TransactionType,Amount,TransactionDate,BalanceAfter,FkAccount) VALUES(225, 'Withdrawal', 676.05, '2016-10-03', 815.24, 166);
INSERT INTO BankTransaction(IdBankTransaction,TransactionType,Amount,TransactionDate,BalanceAfter,FkAccount) VALUES(226, 'Deposit', 456.82, '2020-06-09', 2897.34, 71);
INSERT INTO BankTransaction(IdBankTransaction,TransactionType,Amount,TransactionDate,BalanceAfter,FkAccount) VALUES(227, 'Withdrawal', 819.24, '2020-02-14', 4254.889999999999, 21);
INSERT INTO BankTransaction(IdBankTransaction,TransactionType,Amount,TransactionDate,BalanceAfter,FkAccount) VALUES(228_2, 'Transfer Received', 711.31, '2022-04-24', 4776.67, 126);
INSERT INTO BankTransaction(IdBankTransaction,TransactionType,Amount,TransactionDate,BalanceAfter,FkAccount) VALUES(228, 'Transfer', 711.31, '2022-04-24', -161.69999999999993, 95);
INSERT INTO BankTransaction(IdBankTransaction,TransactionType,Amount,TransactionDate,BalanceAfter,FkAccount) VALUES(229_2, 'Transfer Received', 625.11, '2016-12-25', 5152.32, 2);
INSERT INTO BankTransaction(IdBankTransaction,TransactionType,Amount,TransactionDate,BalanceAfter,FkAccount) VALUES(229, 'Transfer', 625.11, '2016-12-25', 3692.3799999999997, 107);
INSERT INTO BankTransaction(IdBankTransaction,TransactionType,Amount,TransactionDate,BalanceAfter,FkAccount) VALUES(230, 'Withdrawal', 670.48, '2016-02-06', 4462.76, 32);
INSERT INTO BankTransaction(IdBankTransaction,TransactionType,Amount,TransactionDate,BalanceAfter,FkAccount) VALUES(231, 'Deposit', 200.85, '2016-09-07', 1488.1299999999999, 49);
INSERT INTO BankTransaction(IdBankTransaction,TransactionType,Amount,TransactionDate,BalanceAfter,FkAccount) VALUES(232_2, 'Transfer Received', 417.41, '2018-12-06', 488.64999999999986, 87);
INSERT INTO BankTransaction(IdBankTransaction,TransactionType,Amount,TransactionDate,BalanceAfter,FkAccount) VALUES(232, 'Transfer', 417.41, '2018-12-06', 2479.9300000000003, 71);
INSERT INTO BankTransaction(IdBankTransaction,TransactionType,Amount,TransactionDate,BalanceAfter,FkAccount) VALUES(233, 'Deposit', 307.81, '2016-12-26', 4847.910000000001, 131);
INSERT INTO BankTransaction(IdBankTransaction,TransactionType,Amount,TransactionDate,BalanceAfter,FkAccount) VALUES(234, 'Deposit', 309.57, '2022-12-21', 505.36, 73);
INSERT INTO BankTransaction(IdBankTransaction,TransactionType,Amount,TransactionDate,BalanceAfter,FkAccount) VALUES(235, 'Deposit', 393.61, '2021-10-21', 5404.13, 148);
INSERT INTO BankTransaction(IdBankTransaction,TransactionType,Amount,TransactionDate,BalanceAfter,FkAccount) VALUES(236_2, 'Transfer Received', 899.19, '2019-11-18', 4596.33, 93);
INSERT INTO BankTransaction(IdBankTransaction,TransactionType,Amount,TransactionDate,BalanceAfter,FkAccount) VALUES(236, 'Transfer', 899.19, '2019-11-18', 1348.9699999999998, 159);
INSERT INTO BankTransaction(IdBankTransaction,TransactionType,Amount,TransactionDate,BalanceAfter,FkAccount) VALUES(237_2, 'Transfer Received', 17.02, '2022-08-12', 1757.87, 99);
INSERT INTO BankTransaction(IdBankTransaction,TransactionType,Amount,TransactionDate,BalanceAfter,FkAccount) VALUES(237, 'Transfer', 17.02, '2022-08-12', 671.5299999999997, 67);
INSERT INTO BankTransaction(IdBankTransaction,TransactionType,Amount,TransactionDate,BalanceAfter,FkAccount) VALUES(238_2, 'Transfer Received', 258.05, '2015-03-18', 4001.0600000000004, 171);
INSERT INTO BankTransaction(IdBankTransaction,TransactionType,Amount,TransactionDate,BalanceAfter,FkAccount) VALUES(238, 'Transfer', 258.05, '2015-03-18', -134.24999999999994, 117);
INSERT INTO BankTransaction(IdBankTransaction,TransactionType,Amount,TransactionDate,BalanceAfter,FkAccount) VALUES(239, 'Withdrawal', 954.36, '2022-09-21', 1958.7599999999998, 116);
INSERT INTO BankTransaction(IdBankTransaction,TransactionType,Amount,TransactionDate,BalanceAfter,FkAccount) VALUES(240, 'Deposit', 739.65, '2017-07-24', 4805.07, 101);
INSERT INTO BankTransaction(IdBankTransaction,TransactionType,Amount,TransactionDate,BalanceAfter,FkAccount) VALUES(241_2, 'Transfer Received', 634.72, '2015-07-26', 946.3900000000001, 156);
INSERT INTO BankTransaction(IdBankTransaction,TransactionType,Amount,TransactionDate,BalanceAfter,FkAccount) VALUES(241, 'Transfer', 634.72, '2015-07-26', -1118.06, 150);
INSERT INTO BankTransaction(IdBankTransaction,TransactionType,Amount,TransactionDate,BalanceAfter,FkAccount) VALUES(242, 'Withdrawal', 607.57, '2020-05-02', 4294.280000000001, 145);
INSERT INTO BankTransaction(IdBankTransaction,TransactionType,Amount,TransactionDate,BalanceAfter,FkAccount) VALUES(243, 'Withdrawal', 272.0, '2016-04-17', 2092.4900000000002, 143);
INSERT INTO BankTransaction(IdBankTransaction,TransactionType,Amount,TransactionDate,BalanceAfter,FkAccount) VALUES(244_2, 'Transfer Received', 543.71, '2022-03-28', 851.73, 100);
INSERT INTO BankTransaction(IdBankTransaction,TransactionType,Amount,TransactionDate,BalanceAfter,FkAccount) VALUES(244, 'Transfer', 543.71, '2022-03-28', 3565.26, 91);
INSERT INTO BankTransaction(IdBankTransaction,TransactionType,Amount,TransactionDate,BalanceAfter,FkAccount) VALUES(245_2, 'Transfer Received', 176.19, '2022-09-12', 1265.4, 134);
INSERT INTO BankTransaction(IdBankTransaction,TransactionType,Amount,TransactionDate,BalanceAfter,FkAccount) VALUES(245, 'Transfer', 176.19, '2022-09-12', 3467.61, 136);
INSERT INTO BankTransaction(IdBankTransaction,TransactionType,Amount,TransactionDate,BalanceAfter,FkAccount) VALUES(246_2, 'Transfer Received', 583.14, '2019-12-31', 2216.87, 84);
INSERT INTO BankTransaction(IdBankTransaction,TransactionType,Amount,TransactionDate,BalanceAfter,FkAccount) VALUES(246, 'Transfer', 583.14, '2019-12-31', 4437.2, 10);
INSERT INTO BankTransaction(IdBankTransaction,TransactionType,Amount,TransactionDate,BalanceAfter,FkAccount) VALUES(247_2, 'Transfer Received', 454.5, '2018-09-11', 1803.4699999999998, 159);
INSERT INTO BankTransaction(IdBankTransaction,TransactionType,Amount,TransactionDate,BalanceAfter,FkAccount) VALUES(247, 'Transfer', 454.5, '2018-09-11', 3676.66, 9);
INSERT INTO BankTransaction(IdBankTransaction,TransactionType,Amount,TransactionDate,BalanceAfter,FkAccount) VALUES(248, 'Withdrawal', 404.2, '2017-02-16', 4820.87, 129);
INSERT INTO BankTransaction(IdBankTransaction,TransactionType,Amount,TransactionDate,BalanceAfter,FkAccount) VALUES(249_2, 'Transfer Received', 661.61, '2018-05-18', 2419.48, 99);
INSERT INTO BankTransaction(IdBankTransaction,TransactionType,Amount,TransactionDate,BalanceAfter,FkAccount) VALUES(249, 'Transfer', 661.61, '2018-05-18', 2252.5099999999998, 26);
INSERT INTO BankTransaction(IdBankTransaction,TransactionType,Amount,TransactionDate,BalanceAfter,FkAccount) VALUES(250, 'Deposit', 440.14, '2019-06-28', 3701.6299999999997, 86);
INSERT INTO BankTransaction(IdBankTransaction,TransactionType,Amount,TransactionDate,BalanceAfter,FkAccount) VALUES(251_2, 'Transfer Received', 432.6, '2020-12-08', 2525.09, 143);
INSERT INTO BankTransaction(IdBankTransaction,TransactionType,Amount,TransactionDate,BalanceAfter,FkAccount) VALUES(251, 'Transfer', 432.6, '2020-12-08', 4169.389999999999, 147);
INSERT INTO BankTransaction(IdBankTransaction,TransactionType,Amount,TransactionDate,BalanceAfter,FkAccount) VALUES(252, 'Withdrawal', 411.39, '2015-12-20', 3572.78, 28);
INSERT INTO BankTransaction(IdBankTransaction,TransactionType,Amount,TransactionDate,BalanceAfter,FkAccount) VALUES(253, 'Deposit', 692.48, '2019-12-18', 5497.549999999999, 101);
INSERT INTO BankTransaction(IdBankTransaction,TransactionType,Amount,TransactionDate,BalanceAfter,FkAccount) VALUES(254_2, 'Transfer Received', 177.07, '2020-10-28', 4997.94, 129);
INSERT INTO BankTransaction(IdBankTransaction,TransactionType,Amount,TransactionDate,BalanceAfter,FkAccount) VALUES(254, 'Transfer', 177.07, '2020-10-28', 3973.61, 89);
INSERT INTO BankTransaction(IdBankTransaction,TransactionType,Amount,TransactionDate,BalanceAfter,FkAccount) VALUES(255, 'Withdrawal', 821.83, '2020-05-03', 138.52999999999997, 19);
INSERT INTO BankTransaction(IdBankTransaction,TransactionType,Amount,TransactionDate,BalanceAfter,FkAccount) VALUES(256, 'Withdrawal', 786.99, '2019-07-31', 2617.2, 41);
INSERT INTO BankTransaction(IdBankTransaction,TransactionType,Amount,TransactionDate,BalanceAfter,FkAccount) VALUES(257, 'Deposit', 544.15, '2022-10-12', 6041.699999999999, 101);
INSERT INTO BankTransaction(IdBankTransaction,TransactionType,Amount,TransactionDate,BalanceAfter,FkAccount) VALUES(258_2, 'Transfer Received', 929.32, '2015-05-15', 3862.4800000000005, 168);
INSERT INTO BankTransaction(IdBankTransaction,TransactionType,Amount,TransactionDate,BalanceAfter,FkAccount) VALUES(258, 'Transfer', 929.32, '2015-05-15', -1091.02, 95);
INSERT INTO BankTransaction(IdBankTransaction,TransactionType,Amount,TransactionDate,BalanceAfter,FkAccount) VALUES(259_2, 'Transfer Received', 465.46, '2016-09-21', 5313.370000000001, 131);
INSERT INTO BankTransaction(IdBankTransaction,TransactionType,Amount,TransactionDate,BalanceAfter,FkAccount) VALUES(259, 'Transfer', 465.46, '2016-09-21', 996.9399999999998, 160);
INSERT INTO BankTransaction(IdBankTransaction,TransactionType,Amount,TransactionDate,BalanceAfter,FkAccount) VALUES(260, 'Withdrawal', 147.35, '2018-01-05', -420.4799999999999, 18);
INSERT INTO BankTransaction(IdBankTransaction,TransactionType,Amount,TransactionDate,BalanceAfter,FkAccount) VALUES(261, 'Deposit', 103.79, '2017-10-25', 2871.3900000000003, 174);
INSERT INTO BankTransaction(IdBankTransaction,TransactionType,Amount,TransactionDate,BalanceAfter,FkAccount) VALUES(262_2, 'Transfer Received', 350.64, '2019-01-20', 3232.21, 109);
INSERT INTO BankTransaction(IdBankTransaction,TransactionType,Amount,TransactionDate,BalanceAfter,FkAccount) VALUES(262, 'Transfer', 350.64, '2019-01-20', 4245.69, 93);
INSERT INTO BankTransaction(IdBankTransaction,TransactionType,Amount,TransactionDate,BalanceAfter,FkAccount) VALUES(263, 'Withdrawal', 324.99, '2022-01-16', 476.8499999999999, 133);
INSERT INTO BankTransaction(IdBankTransaction,TransactionType,Amount,TransactionDate,BalanceAfter,FkAccount) VALUES(264, 'Deposit', 760.87, '2021-03-06', 4930.259999999999, 147);
INSERT INTO BankTransaction(IdBankTransaction,TransactionType,Amount,TransactionDate,BalanceAfter,FkAccount) VALUES(265_2, 'Transfer Received', 812.23, '2020-06-03', 6169.09, 62);
INSERT INTO BankTransaction(IdBankTransaction,TransactionType,Amount,TransactionDate,BalanceAfter,FkAccount) VALUES(265, 'Transfer', 812.23, '2020-06-03', 2420.47, 142);
INSERT INTO BankTransaction(IdBankTransaction,TransactionType,Amount,TransactionDate,BalanceAfter,FkAccount) VALUES(266, 'Deposit', 710.35, '2021-09-04', 1965.8600000000001, 77);
INSERT INTO BankTransaction(IdBankTransaction,TransactionType,Amount,TransactionDate,BalanceAfter,FkAccount) VALUES(267_2, 'Transfer Received', 123.87, '2016-06-30', 4097.4800000000005, 89);
INSERT INTO BankTransaction(IdBankTransaction,TransactionType,Amount,TransactionDate,BalanceAfter,FkAccount) VALUES(267, 'Transfer', 123.87, '2016-06-30', 3646.58, 23);
INSERT INTO BankTransaction(IdBankTransaction,TransactionType,Amount,TransactionDate,BalanceAfter,FkAccount) VALUES(268_2, 'Transfer Received', 206.6, '2021-06-02', 2423.47, 84);
INSERT INTO BankTransaction(IdBankTransaction,TransactionType,Amount,TransactionDate,BalanceAfter,FkAccount) VALUES(268, 'Transfer', 206.6, '2021-06-02', 2944.16, 13);
INSERT INTO BankTransaction(IdBankTransaction,TransactionType,Amount,TransactionDate,BalanceAfter,FkAccount) VALUES(269_2, 'Transfer Received', 398.71, '2015-09-23', 1908.76, 85);
INSERT INTO BankTransaction(IdBankTransaction,TransactionType,Amount,TransactionDate,BalanceAfter,FkAccount) VALUES(269, 'Transfer', 398.71, '2015-09-23', 106.65000000000003, 73);
INSERT INTO BankTransaction(IdBankTransaction,TransactionType,Amount,TransactionDate,BalanceAfter,FkAccount) VALUES(270, 'Deposit', 437.37, '2021-04-13', 3274.19, 125);
INSERT INTO BankTransaction(IdBankTransaction,TransactionType,Amount,TransactionDate,BalanceAfter,FkAccount) VALUES(271, 'Withdrawal', 159.11, '2015-04-13', 4161.0, 81);
INSERT INTO BankTransaction(IdBankTransaction,TransactionType,Amount,TransactionDate,BalanceAfter,FkAccount) VALUES(272, 'Deposit', 705.7, '2022-06-25', 3501.91, 158);
INSERT INTO BankTransaction(IdBankTransaction,TransactionType,Amount,TransactionDate,BalanceAfter,FkAccount) VALUES(273, 'Withdrawal', 856.08, '2021-01-28', -1276.56, 18);
INSERT INTO BankTransaction(IdBankTransaction,TransactionType,Amount,TransactionDate,BalanceAfter,FkAccount) VALUES(274_2, 'Transfer Received', 910.42, '2022-05-28', 5281.9, 153);
INSERT INTO BankTransaction(IdBankTransaction,TransactionType,Amount,TransactionDate,BalanceAfter,FkAccount) VALUES(274, 'Transfer', 910.42, '2022-05-28', 666.93, 46);
INSERT INTO BankTransaction(IdBankTransaction,TransactionType,Amount,TransactionDate,BalanceAfter,FkAccount) VALUES(275_2, 'Transfer Received', 71.12, '2019-01-31', 3610.2799999999993, 66);
INSERT INTO BankTransaction(IdBankTransaction,TransactionType,Amount,TransactionDate,BalanceAfter,FkAccount) VALUES(275, 'Transfer', 71.12, '2019-01-31', 2388.23, 22);
INSERT INTO BankTransaction(IdBankTransaction,TransactionType,Amount,TransactionDate,BalanceAfter,FkAccount) VALUES(276, 'Deposit', 298.83, '2022-06-17', 5580.73, 153);
INSERT INTO BankTransaction(IdBankTransaction,TransactionType,Amount,TransactionDate,BalanceAfter,FkAccount) VALUES(277_2, 'Transfer Received', 541.04, '2022-08-21', 4951.2, 59);
INSERT INTO BankTransaction(IdBankTransaction,TransactionType,Amount,TransactionDate,BalanceAfter,FkAccount) VALUES(277, 'Transfer', 541.04, '2022-08-21', 2811.1800000000003, 17);
INSERT INTO BankTransaction(IdBankTransaction,TransactionType,Amount,TransactionDate,BalanceAfter,FkAccount) VALUES(278, 'Withdrawal', 235.61, '2021-05-06', 4157.64, 34);
INSERT INTO BankTransaction(IdBankTransaction,TransactionType,Amount,TransactionDate,BalanceAfter,FkAccount) VALUES(279_2, 'Transfer Received', 244.99, '2021-04-14', 3033.54, 6);
INSERT INTO BankTransaction(IdBankTransaction,TransactionType,Amount,TransactionDate,BalanceAfter,FkAccount) VALUES(279, 'Transfer', 244.99, '2021-04-14', 421.93999999999994, 46);
INSERT INTO BankTransaction(IdBankTransaction,TransactionType,Amount,TransactionDate,BalanceAfter,FkAccount) VALUES(280_2, 'Transfer Received', 204.57, '2017-02-24', 2145.98, 121);
INSERT INTO BankTransaction(IdBankTransaction,TransactionType,Amount,TransactionDate,BalanceAfter,FkAccount) VALUES(280, 'Transfer', 204.57, '2017-02-24', 1210.7599999999995, 57);
INSERT INTO BankTransaction(IdBankTransaction,TransactionType,Amount,TransactionDate,BalanceAfter,FkAccount) VALUES(281, 'Withdrawal', 78.39, '2021-10-07', 4215.89, 145);
INSERT INTO BankTransaction(IdBankTransaction,TransactionType,Amount,TransactionDate,BalanceAfter,FkAccount) VALUES(282, 'Withdrawal', 764.11, '2018-03-14', -1217.17, 149);
INSERT INTO BankTransaction(IdBankTransaction,TransactionType,Amount,TransactionDate,BalanceAfter,FkAccount) VALUES(283, 'Withdrawal', 894.98, '2019-03-18', 2049.18, 13);
INSERT INTO BankTransaction(IdBankTransaction,TransactionType,Amount,TransactionDate,BalanceAfter,FkAccount) VALUES(284, 'Deposit', 958.48, '2020-03-02', 1773.72, 166);
INSERT INTO BankTransaction(IdBankTransaction,TransactionType,Amount,TransactionDate,BalanceAfter,FkAccount) VALUES(285, 'Deposit', 41.82, '2022-05-10', 792.3400000000001, 69);
INSERT INTO BankTransaction(IdBankTransaction,TransactionType,Amount,TransactionDate,BalanceAfter,FkAccount) VALUES(286, 'Withdrawal', 94.32, '2022-09-18', 97.77999999999992, 4);
INSERT INTO BankTransaction(IdBankTransaction,TransactionType,Amount,TransactionDate,BalanceAfter,FkAccount) VALUES(287_2, 'Transfer Received', 941.59, '2021-06-02', 4572.47, 172);
INSERT INTO BankTransaction(IdBankTransaction,TransactionType,Amount,TransactionDate,BalanceAfter,FkAccount) VALUES(287, 'Transfer', 941.59, '2021-06-02', -1075.84, 117);
INSERT INTO BankTransaction(IdBankTransaction,TransactionType,Amount,TransactionDate,BalanceAfter,FkAccount) VALUES(288, 'Deposit', 102.84, '2020-09-27', 5399.9, 83);
INSERT INTO BankTransaction(IdBankTransaction,TransactionType,Amount,TransactionDate,BalanceAfter,FkAccount) VALUES(289, 'Withdrawal', 517.05, '2017-03-22', 1902.43, 99);
INSERT INTO BankTransaction(IdBankTransaction,TransactionType,Amount,TransactionDate,BalanceAfter,FkAccount) VALUES(290_2, 'Transfer Received', 416.85, '2022-05-28', 5962.66, 169);
INSERT INTO BankTransaction(IdBankTransaction,TransactionType,Amount,TransactionDate,BalanceAfter,FkAccount) VALUES(290, 'Transfer', 416.85, '2022-05-28', 2626.79, 140);
INSERT INTO BankTransaction(IdBankTransaction,TransactionType,Amount,TransactionDate,BalanceAfter,FkAccount) VALUES(291, 'Withdrawal', 15.72, '2015-06-08', 159.35, 108);
INSERT INTO BankTransaction(IdBankTransaction,TransactionType,Amount,TransactionDate,BalanceAfter,FkAccount) VALUES(292, 'Deposit', 639.21, '2016-02-16', 4044.4, 3);
INSERT INTO BankTransaction(IdBankTransaction,TransactionType,Amount,TransactionDate,BalanceAfter,FkAccount) VALUES(293, 'Withdrawal', 907.95, '2016-05-06', 1519.8100000000002, 60);
INSERT INTO BankTransaction(IdBankTransaction,TransactionType,Amount,TransactionDate,BalanceAfter,FkAccount) VALUES(294_2, 'Transfer Received', 271.75, '2020-02-08', 3879.65, 15);
INSERT INTO BankTransaction(IdBankTransaction,TransactionType,Amount,TransactionDate,BalanceAfter,FkAccount) VALUES(294, 'Transfer', 271.75, '2020-02-08', 2245.28, 20);
INSERT INTO BankTransaction(IdBankTransaction,TransactionType,Amount,TransactionDate,BalanceAfter,FkAccount) VALUES(295, 'Withdrawal', 928.17, '2017-04-05', -1071.59, 25);
INSERT INTO BankTransaction(IdBankTransaction,TransactionType,Amount,TransactionDate,BalanceAfter,FkAccount) VALUES(296, 'Deposit', 360.58, '2015-08-18', 2272.9700000000003, 24);
INSERT INTO BankTransaction(IdBankTransaction,TransactionType,Amount,TransactionDate,BalanceAfter,FkAccount) VALUES(297, 'Withdrawal', 949.47, '2019-04-14', 3266.42, 145);
INSERT INTO BankTransaction(IdBankTransaction,TransactionType,Amount,TransactionDate,BalanceAfter,FkAccount) VALUES(298, 'Deposit', 276.28, '2016-03-17', 3550.4700000000003, 125);
INSERT INTO BankTransaction(IdBankTransaction,TransactionType,Amount,TransactionDate,BalanceAfter,FkAccount) VALUES(299_2, 'Transfer Received', 946.75, '2015-09-18', 3092.73, 121);
INSERT INTO BankTransaction(IdBankTransaction,TransactionType,Amount,TransactionDate,BalanceAfter,FkAccount) VALUES(299, 'Transfer', 946.75, '2015-09-18', 1578.3400000000001, 143);
INSERT INTO BankTransaction(IdBankTransaction,TransactionType,Amount,TransactionDate,BalanceAfter,FkAccount) VALUES(300, 'Withdrawal', 317.82, '2018-10-03', 2175.4, 176);
INSERT INTO BankTransaction(IdBankTransaction,TransactionType,Amount,TransactionDate,BalanceAfter,FkAccount) VALUES(301_2, 'Transfer Received', 864.9, '2016-09-03', 1657.2400000000002, 69);
INSERT INTO BankTransaction(IdBankTransaction,TransactionType,Amount,TransactionDate,BalanceAfter,FkAccount) VALUES(301, 'Transfer', 864.9, '2016-09-03', 1555.5699999999997, 142);
INSERT INTO BankTransaction(IdBankTransaction,TransactionType,Amount,TransactionDate,BalanceAfter,FkAccount) VALUES(302, 'Withdrawal', 345.48, '2021-09-13', 3634.32, 29);
INSERT INTO BankTransaction(IdBankTransaction,TransactionType,Amount,TransactionDate,BalanceAfter,FkAccount) VALUES(303_2, 'Transfer Received', 304.87, '2020-02-22', 2042.44, 137);
INSERT INTO BankTransaction(IdBankTransaction,TransactionType,Amount,TransactionDate,BalanceAfter,FkAccount) VALUES(303, 'Transfer', 304.87, '2020-02-22', 3387.5099999999998, 107);
INSERT INTO BankTransaction(IdBankTransaction,TransactionType,Amount,TransactionDate,BalanceAfter,FkAccount) VALUES(304_2, 'Transfer Received', 548.22, '2020-09-30', 4015.83, 136);
INSERT INTO BankTransaction(IdBankTransaction,TransactionType,Amount,TransactionDate,BalanceAfter,FkAccount) VALUES(304, 'Transfer', 548.22, '2020-09-30', 2200.5, 78);
INSERT INTO BankTransaction(IdBankTransaction,TransactionType,Amount,TransactionDate,BalanceAfter,FkAccount) VALUES(305, 'Deposit', 290.94, '2021-06-26', 962.4699999999998, 67);
INSERT INTO BankTransaction(IdBankTransaction,TransactionType,Amount,TransactionDate,BalanceAfter,FkAccount) VALUES(306, 'Withdrawal', 285.31, '2022-03-17', 2242.4700000000003, 7);
INSERT INTO BankTransaction(IdBankTransaction,TransactionType,Amount,TransactionDate,BalanceAfter,FkAccount) VALUES(307, 'Withdrawal', 533.33, '2018-08-31', 4987.7699999999995, 161);
INSERT INTO BankTransaction(IdBankTransaction,TransactionType,Amount,TransactionDate,BalanceAfter,FkAccount) VALUES(308, 'Withdrawal', 413.4, '2018-11-29', 1914.6100000000001, 105);
INSERT INTO BankTransaction(IdBankTransaction,TransactionType,Amount,TransactionDate,BalanceAfter,FkAccount) VALUES(309_2, 'Transfer Received', 605.38, '2017-03-13', 4766.38, 81);
INSERT INTO BankTransaction(IdBankTransaction,TransactionType,Amount,TransactionDate,BalanceAfter,FkAccount) VALUES(309, 'Transfer', 605.38, '2017-03-13', 599.08, 53);
INSERT INTO BankTransaction(IdBankTransaction,TransactionType,Amount,TransactionDate,BalanceAfter,FkAccount) VALUES(310, 'Deposit', 436.3, '2018-08-29', 3938.21, 158);
INSERT INTO BankTransaction(IdBankTransaction,TransactionType,Amount,TransactionDate,BalanceAfter,FkAccount) VALUES(311, 'Withdrawal', 946.25, '2021-09-22', 3411.83, 52);
INSERT INTO BankTransaction(IdBankTransaction,TransactionType,Amount,TransactionDate,BalanceAfter,FkAccount) VALUES(312, 'Withdrawal', 362.14, '2015-04-16', 3127.509999999999, 155);
INSERT INTO BankTransaction(IdBankTransaction,TransactionType,Amount,TransactionDate,BalanceAfter,FkAccount) VALUES(313, 'Withdrawal', 950.78, '2017-11-26', -2041.8, 95);
INSERT INTO BankTransaction(IdBankTransaction,TransactionType,Amount,TransactionDate,BalanceAfter,FkAccount) VALUES(314, 'Withdrawal', 801.3, '2021-05-11', 5240.399999999999, 101);
INSERT INTO BankTransaction(IdBankTransaction,TransactionType,Amount,TransactionDate,BalanceAfter,FkAccount) VALUES(315, 'Deposit', 217.01, '2018-07-05', 4471.9, 21);
INSERT INTO BankTransaction(IdBankTransaction,TransactionType,Amount,TransactionDate,BalanceAfter,FkAccount) VALUES(316_2, 'Transfer Received', 515.14, '2022-10-24', 2415.27, 39);
INSERT INTO BankTransaction(IdBankTransaction,TransactionType,Amount,TransactionDate,BalanceAfter,FkAccount) VALUES(316, 'Transfer', 515.14, '2022-10-24', 3951.39, 113);
INSERT INTO BankTransaction(IdBankTransaction,TransactionType,Amount,TransactionDate,BalanceAfter,FkAccount) VALUES(317_2, 'Transfer Received', 584.39, '2018-12-31', 3850.81, 145);
INSERT INTO BankTransaction(IdBankTransaction,TransactionType,Amount,TransactionDate,BalanceAfter,FkAccount) VALUES(317, 'Transfer', 584.39, '2018-12-31', 745.7600000000001, 33);
INSERT INTO BankTransaction(IdBankTransaction,TransactionType,Amount,TransactionDate,BalanceAfter,FkAccount) VALUES(318_2, 'Transfer Received', 469.76, '2019-11-20', 3341.1500000000005, 174);
INSERT INTO BankTransaction(IdBankTransaction,TransactionType,Amount,TransactionDate,BalanceAfter,FkAccount) VALUES(318, 'Transfer', 469.76, '2019-11-20', 1343.8600000000001, 98);
INSERT INTO BankTransaction(IdBankTransaction,TransactionType,Amount,TransactionDate,BalanceAfter,FkAccount) VALUES(319, 'Deposit', 361.53, '2017-08-31', 995.02, 56);
INSERT INTO BankTransaction(IdBankTransaction,TransactionType,Amount,TransactionDate,BalanceAfter,FkAccount) VALUES(320_2, 'Transfer Received', 685.58, '2020-06-16', 5488.69, 128);
INSERT INTO BankTransaction(IdBankTransaction,TransactionType,Amount,TransactionDate,BalanceAfter,FkAccount) VALUES(320, 'Transfer', 685.58, '2020-06-16', 3838.8100000000004, 170);
INSERT INTO BankTransaction(IdBankTransaction,TransactionType,Amount,TransactionDate,BalanceAfter,FkAccount) VALUES(321_2, 'Transfer Received', 484.53, '2017-11-19', 5884.429999999999, 83);
INSERT INTO BankTransaction(IdBankTransaction,TransactionType,Amount,TransactionDate,BalanceAfter,FkAccount) VALUES(321, 'Transfer', 484.53, '2017-11-19', 1318.9399999999998, 159);
INSERT INTO BankTransaction(IdBankTransaction,TransactionType,Amount,TransactionDate,BalanceAfter,FkAccount) VALUES(322, 'Withdrawal', 837.71, '2018-04-17', 1119.44, 68);
INSERT INTO BankTransaction(IdBankTransaction,TransactionType,Amount,TransactionDate,BalanceAfter,FkAccount) VALUES(323, 'Deposit', 141.94, '2018-08-25', 5125.61, 48);
INSERT INTO BankTransaction(IdBankTransaction,TransactionType,Amount,TransactionDate,BalanceAfter,FkAccount) VALUES(324, 'Withdrawal', 496.74, '2017-04-29', 449.6500000000001, 156);
INSERT INTO BankTransaction(IdBankTransaction,TransactionType,Amount,TransactionDate,BalanceAfter,FkAccount) VALUES(325_2, 'Transfer Received', 337.38, '2016-04-04', 4408.139999999999, 130);
INSERT INTO BankTransaction(IdBankTransaction,TransactionType,Amount,TransactionDate,BalanceAfter,FkAccount) VALUES(325, 'Transfer', 337.38, '2016-04-04', 1946.1, 75);
INSERT INTO BankTransaction(IdBankTransaction,TransactionType,Amount,TransactionDate,BalanceAfter,FkAccount) VALUES(326_2, 'Transfer Received', 896.99, '2020-02-17', 3267.29, 36);
INSERT INTO BankTransaction(IdBankTransaction,TransactionType,Amount,TransactionDate,BalanceAfter,FkAccount) VALUES(326, 'Transfer', 896.99, '2020-02-17', 3041.2200000000003, 158);
INSERT INTO BankTransaction(IdBankTransaction,TransactionType,Amount,TransactionDate,BalanceAfter,FkAccount) VALUES(327, 'Withdrawal', 63.07, '2022-12-26', 661.1699999999998, 97);
INSERT INTO BankTransaction(IdBankTransaction,TransactionType,Amount,TransactionDate,BalanceAfter,FkAccount) VALUES(328_2, 'Transfer Received', 423.99, '2021-03-13', 7828.85, 92);
INSERT INTO BankTransaction(IdBankTransaction,TransactionType,Amount,TransactionDate,BalanceAfter,FkAccount) VALUES(328, 'Transfer', 423.99, '2021-03-13', 4422.499999999999, 175);
INSERT INTO BankTransaction(IdBankTransaction,TransactionType,Amount,TransactionDate,BalanceAfter,FkAccount) VALUES(329_2, 'Transfer Received', 370.35, '2021-07-22', 4833.110000000001, 32);
INSERT INTO BankTransaction(IdBankTransaction,TransactionType,Amount,TransactionDate,BalanceAfter,FkAccount) VALUES(329, 'Transfer', 370.35, '2021-07-22', 882.15, 110);
INSERT INTO BankTransaction(IdBankTransaction,TransactionType,Amount,TransactionDate,BalanceAfter,FkAccount) VALUES(330_2, 'Transfer Received', 172.85, '2015-02-21', 4595.349999999999, 175);
INSERT INTO BankTransaction(IdBankTransaction,TransactionType,Amount,TransactionDate,BalanceAfter,FkAccount) VALUES(330, 'Transfer', 172.85, '2015-02-21', 1146.09, 159);
INSERT INTO BankTransaction(IdBankTransaction,TransactionType,Amount,TransactionDate,BalanceAfter,FkAccount) VALUES(331_2, 'Transfer Received', 792.2, '2015-02-08', 3180.4300000000003, 22);
INSERT INTO BankTransaction(IdBankTransaction,TransactionType,Amount,TransactionDate,BalanceAfter,FkAccount) VALUES(331, 'Transfer', 792.2, '2015-02-08', 4333.41, 48);
INSERT INTO BankTransaction(IdBankTransaction,TransactionType,Amount,TransactionDate,BalanceAfter,FkAccount) VALUES(332, 'Deposit', 590.84, '2018-02-06', 5028.04, 10);
INSERT INTO BankTransaction(IdBankTransaction,TransactionType,Amount,TransactionDate,BalanceAfter,FkAccount) VALUES(333, 'Withdrawal', 126.1, '2021-11-21', 5527.8099999999995, 37);
INSERT INTO BankTransaction(IdBankTransaction,TransactionType,Amount,TransactionDate,BalanceAfter,FkAccount) VALUES(334, 'Deposit', 83.67, '2022-08-09', 928.15, 27);
INSERT INTO BankTransaction(IdBankTransaction,TransactionType,Amount,TransactionDate,BalanceAfter,FkAccount) VALUES(335, 'Withdrawal', 971.63, '2019-08-10', 1644.4700000000003, 5);
INSERT INTO BankTransaction(IdBankTransaction,TransactionType,Amount,TransactionDate,BalanceAfter,FkAccount) VALUES(336, 'Withdrawal', 845.63, '2018-08-30', -458.01, 164);
INSERT INTO BankTransaction(IdBankTransaction,TransactionType,Amount,TransactionDate,BalanceAfter,FkAccount) VALUES(337_2, 'Transfer Received', 909.86, '2018-04-20', 922.9599999999999, 114);
INSERT INTO BankTransaction(IdBankTransaction,TransactionType,Amount,TransactionDate,BalanceAfter,FkAccount) VALUES(337, 'Transfer', 909.86, '2018-04-20', 4052.48, 45);
INSERT INTO BankTransaction(IdBankTransaction,TransactionType,Amount,TransactionDate,BalanceAfter,FkAccount) VALUES(338, 'Deposit', 459.17, '2017-04-14', 4511.65, 45);
INSERT INTO BankTransaction(IdBankTransaction,TransactionType,Amount,TransactionDate,BalanceAfter,FkAccount) VALUES(339, 'Withdrawal', 475.48, '2022-03-27', 2830.96, 102);
INSERT INTO BankTransaction(IdBankTransaction,TransactionType,Amount,TransactionDate,BalanceAfter,FkAccount) VALUES(340_2, 'Transfer Received', 912.68, '2017-10-03', -205.38, 150);
INSERT INTO BankTransaction(IdBankTransaction,TransactionType,Amount,TransactionDate,BalanceAfter,FkAccount) VALUES(340, 'Transfer', 912.68, '2017-10-03', 4668.049999999999, 153);
INSERT INTO BankTransaction(IdBankTransaction,TransactionType,Amount,TransactionDate,BalanceAfter,FkAccount) VALUES(341, 'Withdrawal', 413.1, '2019-04-18', 3263.56, 9);
INSERT INTO BankTransaction(IdBankTransaction,TransactionType,Amount,TransactionDate,BalanceAfter,FkAccount) VALUES(342, 'Deposit', 99.78, '2021-02-08', 2142.2200000000003, 137);
INSERT INTO BankTransaction(IdBankTransaction,TransactionType,Amount,TransactionDate,BalanceAfter,FkAccount) VALUES(343, 'Deposit', 949.23, '2018-06-03', 3153.9, 47);
INSERT INTO BankTransaction(IdBankTransaction,TransactionType,Amount,TransactionDate,BalanceAfter,FkAccount) VALUES(344, 'Deposit', 423.82, '2022-10-27', 1418.84, 56);
INSERT INTO BankTransaction(IdBankTransaction,TransactionType,Amount,TransactionDate,BalanceAfter,FkAccount) VALUES(345_2, 'Transfer Received', 764.8, '2022-08-19', 4030.67, 44);
INSERT INTO BankTransaction(IdBankTransaction,TransactionType,Amount,TransactionDate,BalanceAfter,FkAccount) VALUES(345, 'Transfer', 764.8, '2022-08-19', 1858.39, 80);
INSERT INTO BankTransaction(IdBankTransaction,TransactionType,Amount,TransactionDate,BalanceAfter,FkAccount) VALUES(346, 'Withdrawal', 931.42, '2021-01-16', 2702.9, 29);
INSERT INTO BankTransaction(IdBankTransaction,TransactionType,Amount,TransactionDate,BalanceAfter,FkAccount) VALUES(347, 'Withdrawal', 926.71, '2018-07-17', 2460.7999999999997, 107);
INSERT INTO BankTransaction(IdBankTransaction,TransactionType,Amount,TransactionDate,BalanceAfter,FkAccount) VALUES(348, 'Deposit', 286.15, '2021-09-13', 3932.73, 23);
INSERT INTO BankTransaction(IdBankTransaction,TransactionType,Amount,TransactionDate,BalanceAfter,FkAccount) VALUES(349, 'Deposit', 375.01, '2015-04-07', 2283.77, 85);
INSERT INTO BankTransaction(IdBankTransaction,TransactionType,Amount,TransactionDate,BalanceAfter,FkAccount) VALUES(350_2, 'Transfer Received', 403.34, '2020-01-06', 4254.15, 145);
INSERT INTO BankTransaction(IdBankTransaction,TransactionType,Amount,TransactionDate,BalanceAfter,FkAccount) VALUES(350, 'Transfer', 403.34, '2020-01-06', 3147.13, 125);
INSERT INTO BankTransaction(IdBankTransaction,TransactionType,Amount,TransactionDate,BalanceAfter,FkAccount) VALUES(351_2, 'Transfer Received', 211.22, '2022-11-12', 527.02, 139);
INSERT INTO BankTransaction(IdBankTransaction,TransactionType,Amount,TransactionDate,BalanceAfter,FkAccount) VALUES(351, 'Transfer', 211.22, '2022-11-12', 2268.7100000000005, 71);
INSERT INTO BankTransaction(IdBankTransaction,TransactionType,Amount,TransactionDate,BalanceAfter,FkAccount) VALUES(352, 'Withdrawal', 131.39, '2015-02-07', 1212.4700000000003, 98);
INSERT INTO BankTransaction(IdBankTransaction,TransactionType,Amount,TransactionDate,BalanceAfter,FkAccount) VALUES(353, 'Withdrawal', 103.42, '2019-12-23', 1016.0200000000001, 68);
INSERT INTO BankTransaction(IdBankTransaction,TransactionType,Amount,TransactionDate,BalanceAfter,FkAccount) VALUES(354, 'Deposit', 177.23, '2018-11-03', 949.6300000000001, 63);
INSERT INTO BankTransaction(IdBankTransaction,TransactionType,Amount,TransactionDate,BalanceAfter,FkAccount) VALUES(355, 'Deposit', 715.25, '2015-05-31', 4969.4, 145);
INSERT INTO BankTransaction(IdBankTransaction,TransactionType,Amount,TransactionDate,BalanceAfter,FkAccount) VALUES(356, 'Withdrawal', 156.32, '2020-10-29', 2900.1, 72);
INSERT INTO BankTransaction(IdBankTransaction,TransactionType,Amount,TransactionDate,BalanceAfter,FkAccount) VALUES(357, 'Withdrawal', 185.99, '2022-12-10', 4647.120000000001, 32);
INSERT INTO BankTransaction(IdBankTransaction,TransactionType,Amount,TransactionDate,BalanceAfter,FkAccount) VALUES(358, 'Withdrawal', 743.12, '2018-08-08', 675.7199999999999, 56);
INSERT INTO BankTransaction(IdBankTransaction,TransactionType,Amount,TransactionDate,BalanceAfter,FkAccount) VALUES(359_2, 'Transfer Received', 416.63, '2022-07-17', 1915.4299999999998, 40);
INSERT INTO BankTransaction(IdBankTransaction,TransactionType,Amount,TransactionDate,BalanceAfter,FkAccount) VALUES(359, 'Transfer', 416.63, '2022-07-17', 3113.69, 120);
INSERT INTO BankTransaction(IdBankTransaction,TransactionType,Amount,TransactionDate,BalanceAfter,FkAccount) VALUES(360, 'Withdrawal', 929.7, '2021-04-28', 3118.1800000000003, 123);
INSERT INTO BankTransaction(IdBankTransaction,TransactionType,Amount,TransactionDate,BalanceAfter,FkAccount) VALUES(361, 'Deposit', 291.39, '2018-07-06', 818.41, 139);
INSERT INTO BankTransaction(IdBankTransaction,TransactionType,Amount,TransactionDate,BalanceAfter,FkAccount) VALUES(362, 'Withdrawal', 909.4, '2017-09-30', 2970.25, 15);
INSERT INTO BankTransaction(IdBankTransaction,TransactionType,Amount,TransactionDate,BalanceAfter,FkAccount) VALUES(363, 'Deposit', 136.1, '2021-06-23', 666.6100000000001, 58);
INSERT INTO BankTransaction(IdBankTransaction,TransactionType,Amount,TransactionDate,BalanceAfter,FkAccount) VALUES(364, 'Deposit', 169.19, '2018-09-30', 5197.23, 10);
INSERT INTO BankTransaction(IdBankTransaction,TransactionType,Amount,TransactionDate,BalanceAfter,FkAccount) VALUES(365_2, 'Transfer Received', 620.91, '2017-10-02', 727.56, 73);
INSERT INTO BankTransaction(IdBankTransaction,TransactionType,Amount,TransactionDate,BalanceAfter,FkAccount) VALUES(365, 'Transfer', 620.91, '2017-10-02', 3793.7700000000004, 76);
INSERT INTO BankTransaction(IdBankTransaction,TransactionType,Amount,TransactionDate,BalanceAfter,FkAccount) VALUES(366_2, 'Transfer Received', 928.46, '2018-10-30', 2484.0299999999997, 142);
INSERT INTO BankTransaction(IdBankTransaction,TransactionType,Amount,TransactionDate,BalanceAfter,FkAccount) VALUES(366, 'Transfer', 928.46, '2018-10-30', 716.0100000000002, 5);
INSERT INTO BankTransaction(IdBankTransaction,TransactionType,Amount,TransactionDate,BalanceAfter,FkAccount) VALUES(367_2, 'Transfer Received', 341.68, '2021-05-21', 1998.9200000000003, 69);
INSERT INTO BankTransaction(IdBankTransaction,TransactionType,Amount,TransactionDate,BalanceAfter,FkAccount) VALUES(367, 'Transfer', 341.68, '2021-05-21', 4656.259999999999, 129);
INSERT INTO BankTransaction(IdBankTransaction,TransactionType,Amount,TransactionDate,BalanceAfter,FkAccount) VALUES(368_2, 'Transfer Received', 533.47, '2018-09-20', 4704.1900000000005, 82);
INSERT INTO BankTransaction(IdBankTransaction,TransactionType,Amount,TransactionDate,BalanceAfter,FkAccount) VALUES(368, 'Transfer', 533.47, '2018-09-20', 3482.3599999999997, 136);
INSERT INTO BankTransaction(IdBankTransaction,TransactionType,Amount,TransactionDate,BalanceAfter,FkAccount) VALUES(369, 'Deposit', 505.56, '2019-07-21', 6468.22, 169);
INSERT INTO BankTransaction(IdBankTransaction,TransactionType,Amount,TransactionDate,BalanceAfter,FkAccount) VALUES(370_2, 'Transfer Received', 378.99, '2018-03-21', 2281.42, 99);
INSERT INTO BankTransaction(IdBankTransaction,TransactionType,Amount,TransactionDate,BalanceAfter,FkAccount) VALUES(370, 'Transfer', 378.99, '2018-03-21', 220.09000000000003, 53);
INSERT INTO BankTransaction(IdBankTransaction,TransactionType,Amount,TransactionDate,BalanceAfter,FkAccount) VALUES(371, 'Deposit', 810.35, '2021-01-13', 1556.1100000000001, 33);
INSERT INTO BankTransaction(IdBankTransaction,TransactionType,Amount,TransactionDate,BalanceAfter,FkAccount) VALUES(372, 'Withdrawal', 952.34, '2016-10-02', 2279.08, 90);
INSERT INTO BankTransaction(IdBankTransaction,TransactionType,Amount,TransactionDate,BalanceAfter,FkAccount) VALUES(373_2, 'Transfer Received', 268.23, '2016-11-01', 1615.29, 157);
INSERT INTO BankTransaction(IdBankTransaction,TransactionType,Amount,TransactionDate,BalanceAfter,FkAccount) VALUES(373, 'Transfer', 268.23, '2016-11-01', 3230.6800000000003, 122);
INSERT INTO BankTransaction(IdBankTransaction,TransactionType,Amount,TransactionDate,BalanceAfter,FkAccount) VALUES(374, 'Withdrawal', 927.45, '2015-03-01', 4269.78, 10);
INSERT INTO BankTransaction(IdBankTransaction,TransactionType,Amount,TransactionDate,BalanceAfter,FkAccount) VALUES(375, 'Deposit', 619.46, '2016-09-27', 3770.53, 154);
INSERT INTO BankTransaction(IdBankTransaction,TransactionType,Amount,TransactionDate,BalanceAfter,FkAccount) VALUES(376, 'Withdrawal', 870.19, '2022-07-21', 2171.03, 158);
INSERT INTO BankTransaction(IdBankTransaction,TransactionType,Amount,TransactionDate,BalanceAfter,FkAccount) VALUES(377, 'Deposit', 26.57, '2022-08-18', 7855.42, 92);
INSERT INTO BankTransaction(IdBankTransaction,TransactionType,Amount,TransactionDate,BalanceAfter,FkAccount) VALUES(378, 'Deposit', 686.87, '2015-06-03', 1569.02, 110);
INSERT INTO BankTransaction(IdBankTransaction,TransactionType,Amount,TransactionDate,BalanceAfter,FkAccount) VALUES(379, 'Withdrawal', 536.24, '2019-12-07', 1634.7900000000002, 158);
INSERT INTO BankTransaction(IdBankTransaction,TransactionType,Amount,TransactionDate,BalanceAfter,FkAccount) VALUES(380, 'Deposit', 334.86, '2016-07-10', 5285.57, 112);
INSERT INTO BankTransaction(IdBankTransaction,TransactionType,Amount,TransactionDate,BalanceAfter,FkAccount) VALUES(381, 'Deposit', 73.98, '2019-04-22', 1090.0, 68);
INSERT INTO BankTransaction(IdBankTransaction,TransactionType,Amount,TransactionDate,BalanceAfter,FkAccount) VALUES(382, 'Deposit', 831.29, '2017-09-10', 3314.24, 167);
INSERT INTO BankTransaction(IdBankTransaction,TransactionType,Amount,TransactionDate,BalanceAfter,FkAccount) VALUES(383, 'Deposit', 345.62, '2020-02-07', 4376.29, 44);
INSERT INTO BankTransaction(IdBankTransaction,TransactionType,Amount,TransactionDate,BalanceAfter,FkAccount) VALUES(384, 'Withdrawal', 176.78, '2015-11-10', 2950.7299999999987, 155);
INSERT INTO BankTransaction(IdBankTransaction,TransactionType,Amount,TransactionDate,BalanceAfter,FkAccount) VALUES(385, 'Deposit', 465.98, '2017-01-23', 2044.3200000000002, 143);
INSERT INTO BankTransaction(IdBankTransaction,TransactionType,Amount,TransactionDate,BalanceAfter,FkAccount) VALUES(386, 'Withdrawal', 665.03, '2015-07-07', 1384.1499999999999, 13);
INSERT INTO BankTransaction(IdBankTransaction,TransactionType,Amount,TransactionDate,BalanceAfter,FkAccount) VALUES(387, 'Deposit', 735.88, '2018-06-03', 6620.3099999999995, 83);
INSERT INTO BankTransaction(IdBankTransaction,TransactionType,Amount,TransactionDate,BalanceAfter,FkAccount) VALUES(388_2, 'Transfer Received', 725.77, '2016-12-09', 2968.2400000000002, 7);
INSERT INTO BankTransaction(IdBankTransaction,TransactionType,Amount,TransactionDate,BalanceAfter,FkAccount) VALUES(388, 'Transfer', 725.77, '2016-12-09', 1977.13, 29);
INSERT INTO BankTransaction(IdBankTransaction,TransactionType,Amount,TransactionDate,BalanceAfter,FkAccount) VALUES(389, 'Deposit', 663.72, '2019-12-15', 4969.63, 38);
INSERT INTO BankTransaction(IdBankTransaction,TransactionType,Amount,TransactionDate,BalanceAfter,FkAccount) VALUES(390_2, 'Transfer Received', 860.62, '2021-01-04', 5829.62, 12);
INSERT INTO BankTransaction(IdBankTransaction,TransactionType,Amount,TransactionDate,BalanceAfter,FkAccount) VALUES(390, 'Transfer', 860.62, '2021-01-04', -438.68000000000006, 46);
INSERT INTO BankTransaction(IdBankTransaction,TransactionType,Amount,TransactionDate,BalanceAfter,FkAccount) VALUES(391, 'Withdrawal', 201.57, '2018-11-11', 2831.97, 6);
INSERT INTO BankTransaction(IdBankTransaction,TransactionType,Amount,TransactionDate,BalanceAfter,FkAccount) VALUES(392_2, 'Transfer Received', 785.41, '2021-03-21', 2169.56, 13);
INSERT INTO BankTransaction(IdBankTransaction,TransactionType,Amount,TransactionDate,BalanceAfter,FkAccount) VALUES(392, 'Transfer', 785.41, '2021-03-21', 702.7199999999999, 49);
INSERT INTO BankTransaction(IdBankTransaction,TransactionType,Amount,TransactionDate,BalanceAfter,FkAccount) VALUES(393, 'Withdrawal', 348.86, '2015-01-10', 1924.1100000000001, 24);
INSERT INTO BankTransaction(IdBankTransaction,TransactionType,Amount,TransactionDate,BalanceAfter,FkAccount) VALUES(394_2, 'Transfer Received', 610.28, '2017-06-10', 2610.86, 31);
INSERT INTO BankTransaction(IdBankTransaction,TransactionType,Amount,TransactionDate,BalanceAfter,FkAccount) VALUES(394, 'Transfer', 610.28, '2017-06-10', 3866.9300000000003, 118);
INSERT INTO BankTransaction(IdBankTransaction,TransactionType,Amount,TransactionDate,BalanceAfter,FkAccount) VALUES(395, 'Deposit', 724.51, '2021-12-14', 1656.21, 104);
INSERT INTO BankTransaction(IdBankTransaction,TransactionType,Amount,TransactionDate,BalanceAfter,FkAccount) VALUES(396, 'Deposit', 49.35, '2018-06-01', 3390.5000000000005, 174);
INSERT INTO BankTransaction(IdBankTransaction,TransactionType,Amount,TransactionDate,BalanceAfter,FkAccount) VALUES(397, 'Withdrawal', 722.71, '2017-10-21', 989.48, 138);
INSERT INTO BankTransaction(IdBankTransaction,TransactionType,Amount,TransactionDate,BalanceAfter,FkAccount) VALUES(398, 'Deposit', 511.8, '2015-06-13', 2067.9100000000003, 33);
INSERT INTO BankTransaction(IdBankTransaction,TransactionType,Amount,TransactionDate,BalanceAfter,FkAccount) VALUES(399, 'Withdrawal', 732.07, '2016-04-12', 3739.8299999999995, 21);
INSERT INTO BankTransaction(IdBankTransaction,TransactionType,Amount,TransactionDate,BalanceAfter,FkAccount) VALUES(400_2, 'Transfer Received', 622.07, '2021-12-26', 6451.69, 12);
INSERT INTO BankTransaction(IdBankTransaction,TransactionType,Amount,TransactionDate,BalanceAfter,FkAccount) VALUES(400, 'Transfer', 622.07, '2021-12-26', 993.2199999999999, 157);
INSERT INTO BankTransaction(IdBankTransaction,TransactionType,Amount,TransactionDate,BalanceAfter,FkAccount) VALUES(401, 'Deposit', 99.27, '2019-05-05', 1957.66, 80);
INSERT INTO BankTransaction(IdBankTransaction,TransactionType,Amount,TransactionDate,BalanceAfter,FkAccount) VALUES(402, 'Deposit', 884.55, '2015-02-09', 6373.24, 128);
INSERT INTO BankTransaction(IdBankTransaction,TransactionType,Amount,TransactionDate,BalanceAfter,FkAccount) VALUES(403, 'Withdrawal', 695.94, '2022-01-18', 1262.8199999999997, 116);
INSERT INTO BankTransaction(IdBankTransaction,TransactionType,Amount,TransactionDate,BalanceAfter,FkAccount) VALUES(404_2, 'Transfer Received', 682.56, '2018-03-09', 4422.389999999999, 21);
INSERT INTO BankTransaction(IdBankTransaction,TransactionType,Amount,TransactionDate,BalanceAfter,FkAccount) VALUES(404, 'Transfer', 682.56, '2018-03-09', 2149.41, 6);
INSERT INTO BankTransaction(IdBankTransaction,TransactionType,Amount,TransactionDate,BalanceAfter,FkAccount) VALUES(405, 'Withdrawal', 583.57, '2017-06-08', 3824.5699999999993, 130);
INSERT INTO BankTransaction(IdBankTransaction,TransactionType,Amount,TransactionDate,BalanceAfter,FkAccount) VALUES(406, 'Withdrawal', 665.02, '2016-05-13', 2565.6600000000003, 122);
INSERT INTO BankTransaction(IdBankTransaction,TransactionType,Amount,TransactionDate,BalanceAfter,FkAccount) VALUES(407, 'Withdrawal', 948.13, '2020-06-19', 3698.9900000000007, 32);
INSERT INTO BankTransaction(IdBankTransaction,TransactionType,Amount,TransactionDate,BalanceAfter,FkAccount) VALUES(408, 'Withdrawal', 229.08, '2015-12-23', 1423.08, 1);
INSERT INTO BankTransaction(IdBankTransaction,TransactionType,Amount,TransactionDate,BalanceAfter,FkAccount) VALUES(409, 'Withdrawal', 460.07, '2020-02-04', 489.5600000000001, 63);
INSERT INTO BankTransaction(IdBankTransaction,TransactionType,Amount,TransactionDate,BalanceAfter,FkAccount) VALUES(410, 'Deposit', 308.62, '2018-03-27', 1127.03, 139);
INSERT INTO BankTransaction(IdBankTransaction,TransactionType,Amount,TransactionDate,BalanceAfter,FkAccount) VALUES(411, 'Withdrawal', 263.07, '2015-10-30', 2567.89, 102);
INSERT INTO BankTransaction(IdBankTransaction,TransactionType,Amount,TransactionDate,BalanceAfter,FkAccount) VALUES(412_2, 'Transfer Received', 30.11, '2015-08-02', 3177.2400000000002, 125);
INSERT INTO BankTransaction(IdBankTransaction,TransactionType,Amount,TransactionDate,BalanceAfter,FkAccount) VALUES(412, 'Transfer', 30.11, '2015-08-02', 171.64999999999998, 51);
INSERT INTO BankTransaction(IdBankTransaction,TransactionType,Amount,TransactionDate,BalanceAfter,FkAccount) VALUES(413_2, 'Transfer Received', 704.71, '2020-08-18', 1181.56, 133);
INSERT INTO BankTransaction(IdBankTransaction,TransactionType,Amount,TransactionDate,BalanceAfter,FkAccount) VALUES(413, 'Transfer', 704.71, '2020-08-18', 2114.7300000000005, 144);
INSERT INTO BankTransaction(IdBankTransaction,TransactionType,Amount,TransactionDate,BalanceAfter,FkAccount) VALUES(414, 'Withdrawal', 383.06, '2015-06-28', 2735.1200000000003, 123);
INSERT INTO BankTransaction(IdBankTransaction,TransactionType,Amount,TransactionDate,BalanceAfter,FkAccount) VALUES(415_2, 'Transfer Received', 275.32, '2022-07-27', 3542.61, 36);
INSERT INTO BankTransaction(IdBankTransaction,TransactionType,Amount,TransactionDate,BalanceAfter,FkAccount) VALUES(415, 'Transfer', 275.32, '2022-07-27', 2905.11, 22);
INSERT INTO BankTransaction(IdBankTransaction,TransactionType,Amount,TransactionDate,BalanceAfter,FkAccount) VALUES(416, 'Deposit', 40.09, '2021-02-14', 529.6500000000001, 63);
INSERT INTO BankTransaction(IdBankTransaction,TransactionType,Amount,TransactionDate,BalanceAfter,FkAccount) VALUES(417, 'Deposit', 663.8, '2015-07-26', 6032.009999999999, 115);
INSERT INTO BankTransaction(IdBankTransaction,TransactionType,Amount,TransactionDate,BalanceAfter,FkAccount) VALUES(418_2, 'Transfer Received', 776.51, '2019-02-07', 1452.23, 56);
INSERT INTO BankTransaction(IdBankTransaction,TransactionType,Amount,TransactionDate,BalanceAfter,FkAccount) VALUES(418, 'Transfer', 776.51, '2019-02-07', 1147.6000000000001, 24);
INSERT INTO BankTransaction(IdBankTransaction,TransactionType,Amount,TransactionDate,BalanceAfter,FkAccount) VALUES(419, 'Withdrawal', 173.92, '2019-06-04', 2393.97, 102);
INSERT INTO BankTransaction(IdBankTransaction,TransactionType,Amount,TransactionDate,BalanceAfter,FkAccount) VALUES(420, 'Deposit', 920.66, '2021-08-14', 4522.55, 111);
INSERT INTO BankTransaction(IdBankTransaction,TransactionType,Amount,TransactionDate,BalanceAfter,FkAccount) VALUES(421, 'Withdrawal', 42.22, '2022-08-14', 2133.1800000000003, 176);
INSERT INTO BankTransaction(IdBankTransaction,TransactionType,Amount,TransactionDate,BalanceAfter,FkAccount) VALUES(422, 'Deposit', 85.45, '2017-07-02', 5036.65, 59);
INSERT INTO BankTransaction(IdBankTransaction,TransactionType,Amount,TransactionDate,BalanceAfter,FkAccount) VALUES(423, 'Withdrawal', 936.5, '2015-10-24', 1233.06, 13);
INSERT INTO BankTransaction(IdBankTransaction,TransactionType,Amount,TransactionDate,BalanceAfter,FkAccount) VALUES(424, 'Deposit', 556.63, '2020-10-17', 4099.24, 36);
INSERT INTO BankTransaction(IdBankTransaction,TransactionType,Amount,TransactionDate,BalanceAfter,FkAccount) VALUES(425, 'Deposit', 130.73, '2017-02-08', 3861.17, 35);
INSERT INTO BankTransaction(IdBankTransaction,TransactionType,Amount,TransactionDate,BalanceAfter,FkAccount) VALUES(426_2, 'Transfer Received', 709.1, '2022-11-15', 2655.2, 75);
INSERT INTO BankTransaction(IdBankTransaction,TransactionType,Amount,TransactionDate,BalanceAfter,FkAccount) VALUES(426, 'Transfer', 709.1, '2022-11-15', 436.9899999999999, 159);
INSERT INTO BankTransaction(IdBankTransaction,TransactionType,Amount,TransactionDate,BalanceAfter,FkAccount) VALUES(427, 'Deposit', 410.48, '2019-06-21', 4982.950000000001, 172);
INSERT INTO BankTransaction(IdBankTransaction,TransactionType,Amount,TransactionDate,BalanceAfter,FkAccount) VALUES(428_2, 'Transfer Received', 104.56, '2021-03-25', 2588.5899999999997, 142);
INSERT INTO BankTransaction(IdBankTransaction,TransactionType,Amount,TransactionDate,BalanceAfter,FkAccount) VALUES(428, 'Transfer', 104.56, '2021-03-25', 1264.3, 162);
INSERT INTO BankTransaction(IdBankTransaction,TransactionType,Amount,TransactionDate,BalanceAfter,FkAccount) VALUES(429, 'Deposit', 917.22, '2015-04-30', 1578.3899999999999, 97);
INSERT INTO BankTransaction(IdBankTransaction,TransactionType,Amount,TransactionDate,BalanceAfter,FkAccount) VALUES(430, 'Withdrawal', 79.64, '2015-04-25', 2768.2, 8);
INSERT INTO BankTransaction(IdBankTransaction,TransactionType,Amount,TransactionDate,BalanceAfter,FkAccount) VALUES(431, 'Withdrawal', 322.34, '2018-07-01', 3376.6500000000005, 32);
INSERT INTO BankTransaction(IdBankTransaction,TransactionType,Amount,TransactionDate,BalanceAfter,FkAccount) VALUES(432, 'Deposit', 11.37, '2019-11-27', 1004.5899999999999, 157);
INSERT INTO BankTransaction(IdBankTransaction,TransactionType,Amount,TransactionDate,BalanceAfter,FkAccount) VALUES(433_2, 'Transfer Received', 237.47, '2022-03-16', 7284.85, 61);
INSERT INTO BankTransaction(IdBankTransaction,TransactionType,Amount,TransactionDate,BalanceAfter,FkAccount) VALUES(433, 'Transfer', 237.47, '2022-03-16', 3601.3400000000006, 170);
INSERT INTO BankTransaction(IdBankTransaction,TransactionType,Amount,TransactionDate,BalanceAfter,FkAccount) VALUES(434, 'Deposit', 249.64, '2016-10-25', 7534.490000000001, 61);
INSERT INTO BankTransaction(IdBankTransaction,TransactionType,Amount,TransactionDate,BalanceAfter,FkAccount) VALUES(435, 'Deposit', 529.81, '2017-02-26', 1519.29, 138);
INSERT INTO BankTransaction(IdBankTransaction,TransactionType,Amount,TransactionDate,BalanceAfter,FkAccount) VALUES(436, 'Withdrawal', 881.12, '2021-05-23', 381.6999999999997, 116);
INSERT INTO BankTransaction(IdBankTransaction,TransactionType,Amount,TransactionDate,BalanceAfter,FkAccount) VALUES(437_2, 'Transfer Received', 860.15, '2019-02-01', 6011.08, 50);
INSERT INTO BankTransaction(IdBankTransaction,TransactionType,Amount,TransactionDate,BalanceAfter,FkAccount) VALUES(437, 'Transfer', 860.15, '2019-02-01', 1533.8199999999997, 102);
INSERT INTO BankTransaction(IdBankTransaction,TransactionType,Amount,TransactionDate,BalanceAfter,FkAccount) VALUES(438, 'Deposit', 423.61, '2018-12-06', 5709.179999999999, 112);
INSERT INTO BankTransaction(IdBankTransaction,TransactionType,Amount,TransactionDate,BalanceAfter,FkAccount) VALUES(439_2, 'Transfer Received', 791.28, '2017-05-07', 5302.929999999999, 45);
INSERT INTO BankTransaction(IdBankTransaction,TransactionType,Amount,TransactionDate,BalanceAfter,FkAccount) VALUES(439, 'Transfer', 791.28, '2017-05-07', 4917.9, 112);
INSERT INTO BankTransaction(IdBankTransaction,TransactionType,Amount,TransactionDate,BalanceAfter,FkAccount) VALUES(440_2, 'Transfer Received', 652.53, '2019-02-05', 4696.93, 3);
INSERT INTO BankTransaction(IdBankTransaction,TransactionType,Amount,TransactionDate,BalanceAfter,FkAccount) VALUES(440, 'Transfer', 652.53, '2019-02-05', 3341.7699999999995, 94);
INSERT INTO BankTransaction(IdBankTransaction,TransactionType,Amount,TransactionDate,BalanceAfter,FkAccount) VALUES(441, 'Deposit', 941.46, '2015-02-12', 2576.25, 158);
INSERT INTO BankTransaction(IdBankTransaction,TransactionType,Amount,TransactionDate,BalanceAfter,FkAccount) VALUES(442, 'Withdrawal', 51.29, '2020-09-05', 5352.84, 148);
INSERT INTO BankTransaction(IdBankTransaction,TransactionType,Amount,TransactionDate,BalanceAfter,FkAccount) VALUES(443, 'Deposit', 123.28, '2018-03-24', 2238.0100000000007, 144);
INSERT INTO BankTransaction(IdBankTransaction,TransactionType,Amount,TransactionDate,BalanceAfter,FkAccount) VALUES(444, 'Withdrawal', 211.89, '2021-06-04', 3887.35, 36);
INSERT INTO BankTransaction(IdBankTransaction,TransactionType,Amount,TransactionDate,BalanceAfter,FkAccount) VALUES(445_2, 'Transfer Received', 144.68, '2019-01-26', -294.00000000000006, 46);
INSERT INTO BankTransaction(IdBankTransaction,TransactionType,Amount,TransactionDate,BalanceAfter,FkAccount) VALUES(445, 'Transfer', 144.68, '2019-01-26', 1067.7900000000002, 98);
INSERT INTO BankTransaction(IdBankTransaction,TransactionType,Amount,TransactionDate,BalanceAfter,FkAccount) VALUES(446_2, 'Transfer Received', 424.29, '2021-01-07', 3989.55, 91);
INSERT INTO BankTransaction(IdBankTransaction,TransactionType,Amount,TransactionDate,BalanceAfter,FkAccount) VALUES(446, 'Transfer', 424.29, '2021-01-07', 4243.759999999999, 153);
INSERT INTO BankTransaction(IdBankTransaction,TransactionType,Amount,TransactionDate,BalanceAfter,FkAccount) VALUES(447, 'Withdrawal', 947.33, '2015-04-27', 3004.06, 113);
INSERT INTO BankTransaction(IdBankTransaction,TransactionType,Amount,TransactionDate,BalanceAfter,FkAccount) VALUES(448, 'Withdrawal', 451.16, '2015-06-03', 2448.94, 72);
INSERT INTO BankTransaction(IdBankTransaction,TransactionType,Amount,TransactionDate,BalanceAfter,FkAccount) VALUES(449_2, 'Transfer Received', 354.18, '2020-08-02', 4451.410000000001, 151);
INSERT INTO BankTransaction(IdBankTransaction,TransactionType,Amount,TransactionDate,BalanceAfter,FkAccount) VALUES(449, 'Transfer', 354.18, '2020-08-02', 6114.04, 169);
INSERT INTO BankTransaction(IdBankTransaction,TransactionType,Amount,TransactionDate,BalanceAfter,FkAccount) VALUES(450, 'Deposit', 418.27, '2017-03-06', 3035.47, 41);
INSERT INTO BankTransaction(IdBankTransaction,TransactionType,Amount,TransactionDate,BalanceAfter,FkAccount) VALUES(451_2, 'Transfer Received', 136.74, '2015-01-05', 4024.09, 36);
INSERT INTO BankTransaction(IdBankTransaction,TransactionType,Amount,TransactionDate,BalanceAfter,FkAccount) VALUES(451, 'Transfer', 136.74, '2015-01-05', 2428.92, 122);
INSERT INTO BankTransaction(IdBankTransaction,TransactionType,Amount,TransactionDate,BalanceAfter,FkAccount) VALUES(452_2, 'Transfer Received', 103.34, '2022-09-25', 4436.75, 48);
INSERT INTO BankTransaction(IdBankTransaction,TransactionType,Amount,TransactionDate,BalanceAfter,FkAccount) VALUES(452, 'Transfer', 103.34, '2022-09-25', 3308.49, 52);
INSERT INTO BankTransaction(IdBankTransaction,TransactionType,Amount,TransactionDate,BalanceAfter,FkAccount) VALUES(453_2, 'Transfer Received', 316.96, '2022-11-16', 6431.0, 169);
INSERT INTO BankTransaction(IdBankTransaction,TransactionType,Amount,TransactionDate,BalanceAfter,FkAccount) VALUES(453, 'Transfer', 316.96, '2022-11-16', 789.8200000000002, 124);
INSERT INTO BankTransaction(IdBankTransaction,TransactionType,Amount,TransactionDate,BalanceAfter,FkAccount) VALUES(454, 'Withdrawal', 12.06, '2022-02-04', 6418.94, 169);
INSERT INTO BankTransaction(IdBankTransaction,TransactionType,Amount,TransactionDate,BalanceAfter,FkAccount) VALUES(455, 'Deposit', 568.92, '2017-02-26', 1497.07, 27);
INSERT INTO BankTransaction(IdBankTransaction,TransactionType,Amount,TransactionDate,BalanceAfter,FkAccount) VALUES(456_2, 'Transfer Received', 169.6, '2020-05-20', 4873.790000000001, 82);
INSERT INTO BankTransaction(IdBankTransaction,TransactionType,Amount,TransactionDate,BalanceAfter,FkAccount) VALUES(456, 'Transfer', 169.6, '2020-05-20', 2798.6400000000003, 7);
INSERT INTO BankTransaction(IdBankTransaction,TransactionType,Amount,TransactionDate,BalanceAfter,FkAccount) VALUES(457, 'Withdrawal', 96.36, '2018-10-26', 1869.5000000000002, 77);
INSERT INTO BankTransaction(IdBankTransaction,TransactionType,Amount,TransactionDate,BalanceAfter,FkAccount) VALUES(458, 'Withdrawal', 933.75, '2022-07-05', 1134.1600000000003, 33);
INSERT INTO BankTransaction(IdBankTransaction,TransactionType,Amount,TransactionDate,BalanceAfter,FkAccount) VALUES(459, 'Deposit', 934.85, '2017-11-03', 5530.2, 175);
INSERT INTO BankTransaction(IdBankTransaction,TransactionType,Amount,TransactionDate,BalanceAfter,FkAccount) VALUES(460, 'Withdrawal', 296.96, '2020-05-09', 2795.77, 121);
INSERT INTO BankTransaction(IdBankTransaction,TransactionType,Amount,TransactionDate,BalanceAfter,FkAccount) VALUES(461, 'Withdrawal', 624.31, '2020-05-26', 5544.780000000001, 62);
INSERT INTO BankTransaction(IdBankTransaction,TransactionType,Amount,TransactionDate,BalanceAfter,FkAccount) VALUES(462, 'Withdrawal', 233.07, '2019-01-29', 1300.7499999999998, 102);
INSERT INTO BankTransaction(IdBankTransaction,TransactionType,Amount,TransactionDate,BalanceAfter,FkAccount) VALUES(463_2, 'Transfer Received', 934.22, '2021-10-21', 4758.789999999999, 130);
INSERT INTO BankTransaction(IdBankTransaction,TransactionType,Amount,TransactionDate,BalanceAfter,FkAccount) VALUES(463, 'Transfer', 934.22, '2021-10-21', 2442.4300000000003, 32);
INSERT INTO BankTransaction(IdBankTransaction,TransactionType,Amount,TransactionDate,BalanceAfter,FkAccount) VALUES(464_2, 'Transfer Received', 666.55, '2019-05-19', 208.53999999999996, 164);
INSERT INTO BankTransaction(IdBankTransaction,TransactionType,Amount,TransactionDate,BalanceAfter,FkAccount) VALUES(464, 'Transfer', 666.55, '2019-05-19', 1922.0399999999997, 142);
INSERT INTO BankTransaction(IdBankTransaction,TransactionType,Amount,TransactionDate,BalanceAfter,FkAccount) VALUES(465, 'Deposit', 40.62, '2020-07-13', 5216.049999999999, 165);
INSERT INTO BankTransaction(IdBankTransaction,TransactionType,Amount,TransactionDate,BalanceAfter,FkAccount) VALUES(466, 'Withdrawal', 437.21, '2017-11-01', 51.439999999999884, 87);
INSERT INTO BankTransaction(IdBankTransaction,TransactionType,Amount,TransactionDate,BalanceAfter,FkAccount) VALUES(467_2, 'Transfer Received', 590.54, '2020-07-07', 2739.95, 6);
INSERT INTO BankTransaction(IdBankTransaction,TransactionType,Amount,TransactionDate,BalanceAfter,FkAccount) VALUES(467, 'Transfer', 590.54, '2020-07-07', 1693.23, 85);
INSERT INTO BankTransaction(IdBankTransaction,TransactionType,Amount,TransactionDate,BalanceAfter,FkAccount) VALUES(468, 'Deposit', 614.51, '2017-09-18', 1590.1099999999997, 119);
INSERT INTO BankTransaction(IdBankTransaction,TransactionType,Amount,TransactionDate,BalanceAfter,FkAccount) VALUES(469, 'Deposit', 49.8, '2021-12-25', 2478.7200000000003, 122);
INSERT INTO BankTransaction(IdBankTransaction,TransactionType,Amount,TransactionDate,BalanceAfter,FkAccount) VALUES(470, 'Deposit', 334.93, '2020-06-01', 3945.209999999999, 66);
INSERT INTO BankTransaction(IdBankTransaction,TransactionType,Amount,TransactionDate,BalanceAfter,FkAccount) VALUES(471_2, 'Transfer Received', 885.82, '2016-12-27', 2015.4500000000003, 127);
INSERT INTO BankTransaction(IdBankTransaction,TransactionType,Amount,TransactionDate,BalanceAfter,FkAccount) VALUES(471, 'Transfer', 885.82, '2016-12-27', 1912.8200000000002, 7);
INSERT INTO BankTransaction(IdBankTransaction,TransactionType,Amount,TransactionDate,BalanceAfter,FkAccount) VALUES(472, 'Withdrawal', 468.19, '2019-03-12', -329.66, 19);
INSERT INTO BankTransaction(IdBankTransaction,TransactionType,Amount,TransactionDate,BalanceAfter,FkAccount) VALUES(473, 'Withdrawal', 160.21, '2019-02-24', 2077.8000000000006, 144);
INSERT INTO BankTransaction(IdBankTransaction,TransactionType,Amount,TransactionDate,BalanceAfter,FkAccount) VALUES(474, 'Withdrawal', 66.48, '2018-04-15', 5286.360000000001, 148);
INSERT INTO BankTransaction(IdBankTransaction,TransactionType,Amount,TransactionDate,BalanceAfter,FkAccount) VALUES(475, 'Withdrawal', 494.87, '2016-08-17', 1582.9300000000007, 144);
INSERT INTO BankTransaction(IdBankTransaction,TransactionType,Amount,TransactionDate,BalanceAfter,FkAccount) VALUES(476, 'Withdrawal', 718.55, '2021-05-31', 3679.739999999999, 132);
INSERT INTO BankTransaction(IdBankTransaction,TransactionType,Amount,TransactionDate,BalanceAfter,FkAccount) VALUES(477, 'Withdrawal', 822.11, '2018-05-19', 1196.8600000000001, 88);
INSERT INTO BankTransaction(IdBankTransaction,TransactionType,Amount,TransactionDate,BalanceAfter,FkAccount) VALUES(478, 'Deposit', 451.69, '2022-01-02', 4053.0300000000007, 170);
INSERT INTO BankTransaction(IdBankTransaction,TransactionType,Amount,TransactionDate,BalanceAfter,FkAccount) VALUES(479, 'Deposit', 442.35, '2022-02-04', 3069.14, 140);
INSERT INTO BankTransaction(IdBankTransaction,TransactionType,Amount,TransactionDate,BalanceAfter,FkAccount) VALUES(480, 'Deposit', 83.55, '2018-11-19', 1006.5099999999999, 114);
INSERT INTO BankTransaction(IdBankTransaction,TransactionType,Amount,TransactionDate,BalanceAfter,FkAccount) VALUES(481, 'Deposit', 251.78, '2017-07-16', 154.78, 42);
INSERT INTO BankTransaction(IdBankTransaction,TransactionType,Amount,TransactionDate,BalanceAfter,FkAccount) VALUES(482_2, 'Transfer Received', 567.66, '2020-10-30', 3222.8599999999997, 75);
INSERT INTO BankTransaction(IdBankTransaction,TransactionType,Amount,TransactionDate,BalanceAfter,FkAccount) VALUES(482, 'Transfer', 567.66, '2020-10-30', -1784.83, 149);
INSERT INTO BankTransaction(IdBankTransaction,TransactionType,Amount,TransactionDate,BalanceAfter,FkAccount) VALUES(483, 'Withdrawal', 31.23, '2021-01-18', 507.39, 135);
INSERT INTO BankTransaction(IdBankTransaction,TransactionType,Amount,TransactionDate,BalanceAfter,FkAccount) VALUES(484, 'Deposit', 93.47, '2022-05-12', 2833.4199999999996, 6);
INSERT INTO BankTransaction(IdBankTransaction,TransactionType,Amount,TransactionDate,BalanceAfter,FkAccount) VALUES(485, 'Withdrawal', 336.91, '2021-04-07', -542.29, 150);
INSERT INTO BankTransaction(IdBankTransaction,TransactionType,Amount,TransactionDate,BalanceAfter,FkAccount) VALUES(486, 'Deposit', 52.54, '2016-05-24', 4428.83, 44);
INSERT INTO BankTransaction(IdBankTransaction,TransactionType,Amount,TransactionDate,BalanceAfter,FkAccount) VALUES(487, 'Deposit', 741.36, '2017-11-10', -535.1999999999999, 18);
INSERT INTO BankTransaction(IdBankTransaction,TransactionType,Amount,TransactionDate,BalanceAfter,FkAccount) VALUES(488, 'Withdrawal', 123.73, '2019-07-25', 1875.1900000000003, 69);
INSERT INTO BankTransaction(IdBankTransaction,TransactionType,Amount,TransactionDate,BalanceAfter,FkAccount) VALUES(489, 'Withdrawal', 215.09, '2016-04-13', 166.6099999999997, 116);
INSERT INTO BankTransaction(IdBankTransaction,TransactionType,Amount,TransactionDate,BalanceAfter,FkAccount) VALUES(490_2, 'Transfer Received', 524.73, '2017-02-21', 2482.3900000000003, 80);
INSERT INTO BankTransaction(IdBankTransaction,TransactionType,Amount,TransactionDate,BalanceAfter,FkAccount) VALUES(490, 'Transfer', 524.73, '2017-02-21', 3420.479999999999, 66);
INSERT INTO BankTransaction(IdBankTransaction,TransactionType,Amount,TransactionDate,BalanceAfter,FkAccount) VALUES(491, 'Withdrawal', 287.42, '2016-01-06', 4234.41, 163);
INSERT INTO BankTransaction(IdBankTransaction,TransactionType,Amount,TransactionDate,BalanceAfter,FkAccount) VALUES(492, 'Withdrawal', 922.49, '2021-12-02', -713.95, 164);
INSERT INTO BankTransaction(IdBankTransaction,TransactionType,Amount,TransactionDate,BalanceAfter,FkAccount) VALUES(493, 'Deposit', 630.47, '2021-03-25', 3894.0299999999997, 9);
INSERT INTO BankTransaction(IdBankTransaction,TransactionType,Amount,TransactionDate,BalanceAfter,FkAccount) VALUES(494, 'Deposit', 136.45, '2016-12-10', 1263.48, 139);
INSERT INTO BankTransaction(IdBankTransaction,TransactionType,Amount,TransactionDate,BalanceAfter,FkAccount) VALUES(495, 'Withdrawal', 442.34, '2021-06-26', -390.9000000000001, 87);
INSERT INTO BankTransaction(IdBankTransaction,TransactionType,Amount,TransactionDate,BalanceAfter,FkAccount) VALUES(496, 'Withdrawal', 927.2, '2017-02-25', 525.03, 56);
INSERT INTO BankTransaction(IdBankTransaction,TransactionType,Amount,TransactionDate,BalanceAfter,FkAccount) VALUES(497, 'Deposit', 997.37, '2022-03-19', 6300.299999999999, 45);
INSERT INTO BankTransaction(IdBankTransaction,TransactionType,Amount,TransactionDate,BalanceAfter,FkAccount) VALUES(498, 'Withdrawal', 880.1, '2018-06-02', 4664.68, 62);
INSERT INTO BankTransaction(IdBankTransaction,TransactionType,Amount,TransactionDate,BalanceAfter,FkAccount) VALUES(499, 'Withdrawal', 214.84, '2017-09-19', -544.5, 19);
INSERT INTO BankTransaction(IdBankTransaction,TransactionType,Amount,TransactionDate,BalanceAfter,FkAccount) VALUES(500_2, 'Transfer Received', 640.31, '2019-08-28', 4320.049999999999, 132);
INSERT INTO BankTransaction(IdBankTransaction,TransactionType,Amount,TransactionDate,BalanceAfter,FkAccount) VALUES(500, 'Transfer', 640.31, '2019-08-28', 1404.0100000000002, 143);
INSERT INTO BankTransaction(IdBankTransaction,TransactionType,Amount,TransactionDate,BalanceAfter,FkAccount) VALUES(501, 'Withdrawal', 799.26, '2018-02-08', -2584.09, 149);
INSERT INTO BankTransaction(IdBankTransaction,TransactionType,Amount,TransactionDate,BalanceAfter,FkAccount) VALUES(502, 'Withdrawal', 678.71, '2017-12-22', 2498.53, 125);
INSERT INTO BankTransaction(IdBankTransaction,TransactionType,Amount,TransactionDate,BalanceAfter,FkAccount) VALUES(503, 'Withdrawal', 158.58, '2017-07-18', 6141.719999999999, 45);
INSERT INTO BankTransaction(IdBankTransaction,TransactionType,Amount,TransactionDate,BalanceAfter,FkAccount) VALUES(504, 'Withdrawal', 477.41, '2015-07-06', 704.1499999999999, 133);
INSERT INTO BankTransaction(IdBankTransaction,TransactionType,Amount,TransactionDate,BalanceAfter,FkAccount) VALUES(505, 'Deposit', 586.25, '2015-08-04', 5242.509999999999, 129);
INSERT INTO BankTransaction(IdBankTransaction,TransactionType,Amount,TransactionDate,BalanceAfter,FkAccount) VALUES(506_2, 'Transfer Received', 33.17, '2018-04-30', -405.59999999999997, 55);
INSERT INTO BankTransaction(IdBankTransaction,TransactionType,Amount,TransactionDate,BalanceAfter,FkAccount) VALUES(506, 'Transfer', 33.17, '2018-04-30', 2970.89, 113);
INSERT INTO BankTransaction(IdBankTransaction,TransactionType,Amount,TransactionDate,BalanceAfter,FkAccount) VALUES(507, 'Withdrawal', 900.26, '2018-10-08', -740.91, 108);
INSERT INTO BankTransaction(IdBankTransaction,TransactionType,Amount,TransactionDate,BalanceAfter,FkAccount) VALUES(508, 'Withdrawal', 36.67, '2017-06-02', 2998.7999999999997, 41);
INSERT INTO BankTransaction(IdBankTransaction,TransactionType,Amount,TransactionDate,BalanceAfter,FkAccount) VALUES(509, 'Deposit', 355.5, '2021-01-16', 5883.3099999999995, 37);
INSERT INTO BankTransaction(IdBankTransaction,TransactionType,Amount,TransactionDate,BalanceAfter,FkAccount) VALUES(510_2, 'Transfer Received', 30.17, '2020-04-03', 3289.0799999999995, 152);
INSERT INTO BankTransaction(IdBankTransaction,TransactionType,Amount,TransactionDate,BalanceAfter,FkAccount) VALUES(510, 'Transfer', 30.17, '2020-04-03', 6421.5199999999995, 12);
INSERT INTO BankTransaction(IdBankTransaction,TransactionType,Amount,TransactionDate,BalanceAfter,FkAccount) VALUES(511, 'Deposit', 89.03, '2021-08-07', 618.6800000000001, 63);
INSERT INTO BankTransaction(IdBankTransaction,TransactionType,Amount,TransactionDate,BalanceAfter,FkAccount) VALUES(512_2, 'Transfer Received', 772.41, '2021-12-31', 3540.6099999999997, 8);
INSERT INTO BankTransaction(IdBankTransaction,TransactionType,Amount,TransactionDate,BalanceAfter,FkAccount) VALUES(512, 'Transfer', 772.41, '2021-12-31', 3656.42, 44);
INSERT INTO BankTransaction(IdBankTransaction,TransactionType,Amount,TransactionDate,BalanceAfter,FkAccount) VALUES(513_2, 'Transfer Received', 118.81, '2015-10-02', 6129.89, 50);
INSERT INTO BankTransaction(IdBankTransaction,TransactionType,Amount,TransactionDate,BalanceAfter,FkAccount) VALUES(513, 'Transfer', 118.81, '2015-10-02', 971.19, 68);
INSERT INTO BankTransaction(IdBankTransaction,TransactionType,Amount,TransactionDate,BalanceAfter,FkAccount) VALUES(514_2, 'Transfer Received', 115.89, '2016-02-21', 2576.6899999999996, 107);
INSERT INTO BankTransaction(IdBankTransaction,TransactionType,Amount,TransactionDate,BalanceAfter,FkAccount) VALUES(514, 'Transfer', 115.89, '2016-02-21', 3106.97, 75);
INSERT INTO BankTransaction(IdBankTransaction,TransactionType,Amount,TransactionDate,BalanceAfter,FkAccount) VALUES(515, 'Withdrawal', 716.61, '2022-07-07', 10.949999999999932, 73);
INSERT INTO BankTransaction(IdBankTransaction,TransactionType,Amount,TransactionDate,BalanceAfter,FkAccount) VALUES(516_2, 'Transfer Received', 88.72, '2020-11-24', 2221.9, 176);
INSERT INTO BankTransaction(IdBankTransaction,TransactionType,Amount,TransactionDate,BalanceAfter,FkAccount) VALUES(516, 'Transfer', 88.72, '2020-11-24', 2881.53, 15);
INSERT INTO BankTransaction(IdBankTransaction,TransactionType,Amount,TransactionDate,BalanceAfter,FkAccount) VALUES(517, 'Withdrawal', 645.47, '2022-09-03', 2643.6099999999997, 152);
INSERT INTO BankTransaction(IdBankTransaction,TransactionType,Amount,TransactionDate,BalanceAfter,FkAccount) VALUES(518, 'Deposit', 182.13, '2022-09-20', 1772.2399999999998, 119);
INSERT INTO BankTransaction(IdBankTransaction,TransactionType,Amount,TransactionDate,BalanceAfter,FkAccount) VALUES(519_2, 'Transfer Received', 399.0, '2020-06-15', 906.39, 135);
INSERT INTO BankTransaction(IdBankTransaction,TransactionType,Amount,TransactionDate,BalanceAfter,FkAccount) VALUES(519, 'Transfer', 399.0, '2020-06-15', 1421.8999999999999, 103);
INSERT INTO BankTransaction(IdBankTransaction,TransactionType,Amount,TransactionDate,BalanceAfter,FkAccount) VALUES(520, 'Deposit', 311.91, '2017-12-27', 3653.6799999999994, 94);
INSERT INTO BankTransaction(IdBankTransaction,TransactionType,Amount,TransactionDate,BalanceAfter,FkAccount) VALUES(521, 'Deposit', 531.14, '2022-05-06', 4926.11, 79);
INSERT INTO BankTransaction(IdBankTransaction,TransactionType,Amount,TransactionDate,BalanceAfter,FkAccount) VALUES(522, 'Withdrawal', 897.33, '2019-08-19', 506.6800000000002, 143);
INSERT INTO BankTransaction(IdBankTransaction,TransactionType,Amount,TransactionDate,BalanceAfter,FkAccount) VALUES(523_2, 'Transfer Received', 329.56, '2019-03-07', 1334.1499999999999, 157);
INSERT INTO BankTransaction(IdBankTransaction,TransactionType,Amount,TransactionDate,BalanceAfter,FkAccount) VALUES(523, 'Transfer', 329.56, '2019-03-07', 6043.679999999999, 128);
INSERT INTO BankTransaction(IdBankTransaction,TransactionType,Amount,TransactionDate,BalanceAfter,FkAccount) VALUES(524, 'Deposit', 381.62, '2021-08-18', 1645.92, 162);
INSERT INTO BankTransaction(IdBankTransaction,TransactionType,Amount,TransactionDate,BalanceAfter,FkAccount) VALUES(525_2, 'Transfer Received', 624.51, '2017-04-25', 4278.19, 94);
INSERT INTO BankTransaction(IdBankTransaction,TransactionType,Amount,TransactionDate,BalanceAfter,FkAccount) VALUES(525, 'Transfer', 624.51, '2017-04-25', 1517.7100000000003, 137);
INSERT INTO BankTransaction(IdBankTransaction,TransactionType,Amount,TransactionDate,BalanceAfter,FkAccount) VALUES(526_2, 'Transfer Received', 322.21, '2021-04-04', 3203.7400000000002, 15);
INSERT INTO BankTransaction(IdBankTransaction,TransactionType,Amount,TransactionDate,BalanceAfter,FkAccount) VALUES(526, 'Transfer', 322.21, '2021-04-04', 4595.69, 112);
INSERT INTO BankTransaction(IdBankTransaction,TransactionType,Amount,TransactionDate,BalanceAfter,FkAccount) VALUES(527_2, 'Transfer Received', 513.78, '2021-03-13', 5210.71, 3);
INSERT INTO BankTransaction(IdBankTransaction,TransactionType,Amount,TransactionDate,BalanceAfter,FkAccount) VALUES(527, 'Transfer', 513.78, '2021-03-13', 2485.0199999999995, 41);
INSERT INTO BankTransaction(IdBankTransaction,TransactionType,Amount,TransactionDate,BalanceAfter,FkAccount) VALUES(528, 'Withdrawal', 972.4, '2016-04-26', 3569.35, 43);
INSERT INTO BankTransaction(IdBankTransaction,TransactionType,Amount,TransactionDate,BalanceAfter,FkAccount) VALUES(529, 'Deposit', 347.22, '2019-03-11', 5011.900000000001, 62);
INSERT INTO BankTransaction(IdBankTransaction,TransactionType,Amount,TransactionDate,BalanceAfter,FkAccount) VALUES(530_2, 'Transfer Received', 691.12, '2020-02-11', 4553.6, 168);
INSERT INTO BankTransaction(IdBankTransaction,TransactionType,Amount,TransactionDate,BalanceAfter,FkAccount) VALUES(530, 'Transfer', 691.12, '2020-02-11', 2422.57, 120);
INSERT INTO BankTransaction(IdBankTransaction,TransactionType,Amount,TransactionDate,BalanceAfter,FkAccount) VALUES(531, 'Withdrawal', 680.1, '2018-07-25', 1798.6200000000003, 122);
INSERT INTO BankTransaction(IdBankTransaction,TransactionType,Amount,TransactionDate,BalanceAfter,FkAccount) VALUES(532, 'Withdrawal', 230.2, '2017-01-03', 3190.2799999999993, 66);
INSERT INTO BankTransaction(IdBankTransaction,TransactionType,Amount,TransactionDate,BalanceAfter,FkAccount) VALUES(533_2, 'Transfer Received', 383.17, '2017-10-04', 2865.5600000000004, 80);
INSERT INTO BankTransaction(IdBankTransaction,TransactionType,Amount,TransactionDate,BalanceAfter,FkAccount) VALUES(533, 'Transfer', 383.17, '2017-10-04', 3617.8900000000003, 171);
INSERT INTO BankTransaction(IdBankTransaction,TransactionType,Amount,TransactionDate,BalanceAfter,FkAccount) VALUES(534_2, 'Transfer Received', 846.7, '2021-01-13', 5576.83, 11);
INSERT INTO BankTransaction(IdBankTransaction,TransactionType,Amount,TransactionDate,BalanceAfter,FkAccount) VALUES(534, 'Transfer', 846.7, '2021-01-13', 809.51, 104);
INSERT INTO BankTransaction(IdBankTransaction,TransactionType,Amount,TransactionDate,BalanceAfter,FkAccount) VALUES(535_2, 'Transfer Received', 889.41, '2016-10-02', 2688.03, 122);
INSERT INTO BankTransaction(IdBankTransaction,TransactionType,Amount,TransactionDate,BalanceAfter,FkAccount) VALUES(535, 'Transfer', 889.41, '2016-10-02', 1363.1, 26);
INSERT INTO BankTransaction(IdBankTransaction,TransactionType,Amount,TransactionDate,BalanceAfter,FkAccount) VALUES(536, 'Deposit', 10.94, '2016-06-01', 21.88999999999993, 73);
INSERT INTO BankTransaction(IdBankTransaction,TransactionType,Amount,TransactionDate,BalanceAfter,FkAccount) VALUES(537, 'Deposit', 660.04, '2016-11-10', 2177.75, 137);
INSERT INTO BankTransaction(IdBankTransaction,TransactionType,Amount,TransactionDate,BalanceAfter,FkAccount) VALUES(538_2, 'Transfer Received', 456.2, '2015-05-19', 1756.9499999999998, 102);
INSERT INTO BankTransaction(IdBankTransaction,TransactionType,Amount,TransactionDate,BalanceAfter,FkAccount) VALUES(538, 'Transfer', 456.2, '2015-05-19', 2354.9800000000005, 17);
INSERT INTO BankTransaction(IdBankTransaction,TransactionType,Amount,TransactionDate,BalanceAfter,FkAccount) VALUES(539, 'Deposit', 167.87, '2020-12-25', 2583.14, 39);
INSERT INTO BankTransaction(IdBankTransaction,TransactionType,Amount,TransactionDate,BalanceAfter,FkAccount) VALUES(540, 'Withdrawal', 176.5, '2022-08-11', 1020.3600000000001, 88);
INSERT INTO BankTransaction(IdBankTransaction,TransactionType,Amount,TransactionDate,BalanceAfter,FkAccount) VALUES(541_2, 'Transfer Received', 902.7, '2016-05-06', 2036.8600000000004, 33);
INSERT INTO BankTransaction(IdBankTransaction,TransactionType,Amount,TransactionDate,BalanceAfter,FkAccount) VALUES(541, 'Transfer', 902.7, '2016-05-06', 2666.6499999999996, 43);
INSERT INTO BankTransaction(IdBankTransaction,TransactionType,Amount,TransactionDate,BalanceAfter,FkAccount) VALUES(542, 'Deposit', 754.6, '2016-05-09', 3239.6199999999994, 41);
INSERT INTO BankTransaction(IdBankTransaction,TransactionType,Amount,TransactionDate,BalanceAfter,FkAccount) VALUES(543, 'Withdrawal', 649.87, '2018-08-06', 3619.91, 10);
INSERT INTO BankTransaction(IdBankTransaction,TransactionType,Amount,TransactionDate,BalanceAfter,FkAccount) VALUES(544_2, 'Transfer Received', 553.63, '2020-01-10', 1256.35, 49);
INSERT INTO BankTransaction(IdBankTransaction,TransactionType,Amount,TransactionDate,BalanceAfter,FkAccount) VALUES(544, 'Transfer', 553.63, '2020-01-10', 2311.9300000000003, 80);
INSERT INTO BankTransaction(IdBankTransaction,TransactionType,Amount,TransactionDate,BalanceAfter,FkAccount) VALUES(545, 'Withdrawal', 803.1, '2017-09-23', -1878.94, 117);
INSERT INTO BankTransaction(IdBankTransaction,TransactionType,Amount,TransactionDate,BalanceAfter,FkAccount) VALUES(546, 'Deposit', 456.0, '2021-02-17', 2149.23, 85);
INSERT INTO BankTransaction(IdBankTransaction,TransactionType,Amount,TransactionDate,BalanceAfter,FkAccount) VALUES(547, 'Withdrawal', 61.5, '2019-01-13', 1853.1100000000001, 105);
INSERT INTO BankTransaction(IdBankTransaction,TransactionType,Amount,TransactionDate,BalanceAfter,FkAccount) VALUES(548, 'Deposit', 899.25, '2016-12-14', 1861.7199999999998, 67);
INSERT INTO BankTransaction(IdBankTransaction,TransactionType,Amount,TransactionDate,BalanceAfter,FkAccount) VALUES(549, 'Deposit', 428.32, '2018-07-21', 2729.92, 96);
INSERT INTO BankTransaction(IdBankTransaction,TransactionType,Amount,TransactionDate,BalanceAfter,FkAccount) VALUES(550_2, 'Transfer Received', 284.88, '2021-12-31', 2041.83, 102);
INSERT INTO BankTransaction(IdBankTransaction,TransactionType,Amount,TransactionDate,BalanceAfter,FkAccount) VALUES(550, 'Transfer', 284.88, '2021-12-31', 3958.879999999999, 153);
INSERT INTO BankTransaction(IdBankTransaction,TransactionType,Amount,TransactionDate,BalanceAfter,FkAccount) VALUES(551, 'Withdrawal', 667.43, '2019-06-02', 755.65, 1);
INSERT INTO BankTransaction(IdBankTransaction,TransactionType,Amount,TransactionDate,BalanceAfter,FkAccount) VALUES(552, 'Withdrawal', 980.39, '2018-10-08', -958.5, 73);
INSERT INTO BankTransaction(IdBankTransaction,TransactionType,Amount,TransactionDate,BalanceAfter,FkAccount) VALUES(553_2, 'Transfer Received', 592.88, '2022-09-13', 3388.65, 121);
INSERT INTO BankTransaction(IdBankTransaction,TransactionType,Amount,TransactionDate,BalanceAfter,FkAccount) VALUES(553, 'Transfer', 592.88, '2022-09-13', 1260.23, 105);
INSERT INTO BankTransaction(IdBankTransaction,TransactionType,Amount,TransactionDate,BalanceAfter,FkAccount) VALUES(554_2, 'Transfer Received', 218.95, '2017-05-20', 837.6300000000001, 63);
INSERT INTO BankTransaction(IdBankTransaction,TransactionType,Amount,TransactionDate,BalanceAfter,FkAccount) VALUES(554, 'Transfer', 218.95, '2017-05-20', 306.08, 56);
INSERT INTO BankTransaction(IdBankTransaction,TransactionType,Amount,TransactionDate,BalanceAfter,FkAccount) VALUES(555, 'Withdrawal', 416.14, '2021-07-10', 580.7999999999998, 160);
INSERT INTO BankTransaction(IdBankTransaction,TransactionType,Amount,TransactionDate,BalanceAfter,FkAccount) VALUES(556, 'Withdrawal', 529.77, '2019-07-10', 2577.2, 75);
INSERT INTO BankTransaction(IdBankTransaction,TransactionType,Amount,TransactionDate,BalanceAfter,FkAccount) VALUES(557, 'Withdrawal', 620.02, '2017-04-26', 4416.629999999999, 59);
INSERT INTO BankTransaction(IdBankTransaction,TransactionType,Amount,TransactionDate,BalanceAfter,FkAccount) VALUES(558_2, 'Transfer Received', 655.56, '2021-07-02', 2216.82, 70);
INSERT INTO BankTransaction(IdBankTransaction,TransactionType,Amount,TransactionDate,BalanceAfter,FkAccount) VALUES(558, 'Transfer', 655.56, '2021-07-02', 1708.4999999999995, 14);
INSERT INTO BankTransaction(IdBankTransaction,TransactionType,Amount,TransactionDate,BalanceAfter,FkAccount) VALUES(559_2, 'Transfer Received', 617.89, '2019-08-02', 6661.57, 128);
INSERT INTO BankTransaction(IdBankTransaction,TransactionType,Amount,TransactionDate,BalanceAfter,FkAccount) VALUES(559, 'Transfer', 617.89, '2019-08-02', 2770.76, 121);
INSERT INTO BankTransaction(IdBankTransaction,TransactionType,Amount,TransactionDate,BalanceAfter,FkAccount) VALUES(560, 'Deposit', 822.79, '2018-03-07', 3383.24, 141);
INSERT INTO BankTransaction(IdBankTransaction,TransactionType,Amount,TransactionDate,BalanceAfter,FkAccount) VALUES(561_2, 'Transfer Received', 955.3, '2015-08-22', 2634.83, 173);
INSERT INTO BankTransaction(IdBankTransaction,TransactionType,Amount,TransactionDate,BalanceAfter,FkAccount) VALUES(561, 'Transfer', 955.3, '2015-08-22', 1543.2300000000002, 125);
INSERT INTO BankTransaction(IdBankTransaction,TransactionType,Amount,TransactionDate,BalanceAfter,FkAccount) VALUES(562, 'Withdrawal', 654.83, '2015-03-08', -1060.43, 55);
INSERT INTO BankTransaction(IdBankTransaction,TransactionType,Amount,TransactionDate,BalanceAfter,FkAccount) VALUES(563, 'Deposit', 56.2, '2020-06-22', 2429.52, 74);
INSERT INTO BankTransaction(IdBankTransaction,TransactionType,Amount,TransactionDate,BalanceAfter,FkAccount) VALUES(564_2, 'Transfer Received', 788.76, '2020-07-30', 886.54, 4);
INSERT INTO BankTransaction(IdBankTransaction,TransactionType,Amount,TransactionDate,BalanceAfter,FkAccount) VALUES(564, 'Transfer', 788.76, '2020-07-30', 1787.49, 158);
INSERT INTO BankTransaction(IdBankTransaction,TransactionType,Amount,TransactionDate,BalanceAfter,FkAccount) VALUES(565_2, 'Transfer Received', 641.74, '2019-08-18', 1874.8, 13);
INSERT INTO BankTransaction(IdBankTransaction,TransactionType,Amount,TransactionDate,BalanceAfter,FkAccount) VALUES(565, 'Transfer', 641.74, '2019-08-18', 6892.750000000001, 61);
INSERT INTO BankTransaction(IdBankTransaction,TransactionType,Amount,TransactionDate,BalanceAfter,FkAccount) VALUES(566, 'Deposit', 868.8, '2022-12-27', 574.8, 46);
INSERT INTO BankTransaction(IdBankTransaction,TransactionType,Amount,TransactionDate,BalanceAfter,FkAccount) VALUES(567, 'Withdrawal', 439.05, '2018-07-23', 5690.84, 50);
INSERT INTO BankTransaction(IdBankTransaction,TransactionType,Amount,TransactionDate,BalanceAfter,FkAccount) VALUES(568, 'Deposit', 556.36, '2019-02-10', 2571.8100000000004, 127);
INSERT INTO BankTransaction(IdBankTransaction,TransactionType,Amount,TransactionDate,BalanceAfter,FkAccount) VALUES(569, 'Withdrawal', 41.1, '2021-12-01', 1541.8300000000008, 144);
INSERT INTO BankTransaction(IdBankTransaction,TransactionType,Amount,TransactionDate,BalanceAfter,FkAccount) VALUES(570, 'Withdrawal', 736.94, '2022-04-17', -162.1400000000001, 46);
INSERT INTO BankTransaction(IdBankTransaction,TransactionType,Amount,TransactionDate,BalanceAfter,FkAccount) VALUES(571, 'Withdrawal', 916.06, '2020-12-30', 3073.4900000000002, 91);
INSERT INTO BankTransaction(IdBankTransaction,TransactionType,Amount,TransactionDate,BalanceAfter,FkAccount) VALUES(572, 'Deposit', 329.24, '2016-01-09', 3902.0200000000004, 28);
INSERT INTO BankTransaction(IdBankTransaction,TransactionType,Amount,TransactionDate,BalanceAfter,FkAccount) VALUES(573, 'Deposit', 302.95, '2018-11-21', 3136.3699999999994, 6);
INSERT INTO BankTransaction(IdBankTransaction,TransactionType,Amount,TransactionDate,BalanceAfter,FkAccount) VALUES(574, 'Withdrawal', 525.01, '2018-08-29', 1016.8200000000008, 144);
INSERT INTO BankTransaction(IdBankTransaction,TransactionType,Amount,TransactionDate,BalanceAfter,FkAccount) VALUES(575, 'Deposit', 577.59, '2019-08-11', 2096.88, 138);
INSERT INTO BankTransaction(IdBankTransaction,TransactionType,Amount,TransactionDate,BalanceAfter,FkAccount) VALUES(576, 'Deposit', 943.41, '2016-07-03', 4645.04, 86);
INSERT INTO BankTransaction(IdBankTransaction,TransactionType,Amount,TransactionDate,BalanceAfter,FkAccount) VALUES(577_2, 'Transfer Received', 236.11, '2019-09-29', 2812.7999999999997, 107);
INSERT INTO BankTransaction(IdBankTransaction,TransactionType,Amount,TransactionDate,BalanceAfter,FkAccount) VALUES(577, 'Transfer', 236.11, '2019-09-29', 3596.65, 16);
INSERT INTO BankTransaction(IdBankTransaction,TransactionType,Amount,TransactionDate,BalanceAfter,FkAccount) VALUES(578_2, 'Transfer Received', 234.62, '2016-03-16', -836.9699999999999, 25);
INSERT INTO BankTransaction(IdBankTransaction,TransactionType,Amount,TransactionDate,BalanceAfter,FkAccount) VALUES(578, 'Transfer', 234.62, '2016-03-16', 5078.750000000001, 131);
INSERT INTO BankTransaction(IdBankTransaction,TransactionType,Amount,TransactionDate,BalanceAfter,FkAccount) VALUES(579, 'Withdrawal', 234.58, '2017-01-23', 2046.8400000000001, 99);
INSERT INTO BankTransaction(IdBankTransaction,TransactionType,Amount,TransactionDate,BalanceAfter,FkAccount) VALUES(580_2, 'Transfer Received', 707.14, '2021-11-24', 4864.780000000001, 34);
INSERT INTO BankTransaction(IdBankTransaction,TransactionType,Amount,TransactionDate,BalanceAfter,FkAccount) VALUES(580, 'Transfer', 707.14, '2021-11-24', 503.61999999999955, 57);
INSERT INTO BankTransaction(IdBankTransaction,TransactionType,Amount,TransactionDate,BalanceAfter,FkAccount) VALUES(581, 'Deposit', 262.11, '2020-07-13', 8117.53, 92);
INSERT INTO BankTransaction(IdBankTransaction,TransactionType,Amount,TransactionDate,BalanceAfter,FkAccount) VALUES(582, 'Deposit', 877.7, '2016-07-07', 2790.5200000000004, 7);
INSERT INTO BankTransaction(IdBankTransaction,TransactionType,Amount,TransactionDate,BalanceAfter,FkAccount) VALUES(583, 'Withdrawal', 842.77, '2020-04-03', 1306.46, 85);
INSERT INTO BankTransaction(IdBankTransaction,TransactionType,Amount,TransactionDate,BalanceAfter,FkAccount) VALUES(584_2, 'Transfer Received', 204.31, '2015-10-08', 2516.2400000000002, 80);
INSERT INTO BankTransaction(IdBankTransaction,TransactionType,Amount,TransactionDate,BalanceAfter,FkAccount) VALUES(584, 'Transfer', 204.31, '2015-10-08', 1338.9200000000003, 125);
INSERT INTO BankTransaction(IdBankTransaction,TransactionType,Amount,TransactionDate,BalanceAfter,FkAccount) VALUES(585, 'Deposit', 171.64, '2018-08-05', 1435.12, 139);
INSERT INTO BankTransaction(IdBankTransaction,TransactionType,Amount,TransactionDate,BalanceAfter,FkAccount) VALUES(586, 'Withdrawal', 726.69, '2017-03-23', 4032.099999999999, 130);
INSERT INTO BankTransaction(IdBankTransaction,TransactionType,Amount,TransactionDate,BalanceAfter,FkAccount) VALUES(587, 'Deposit', 985.68, '2021-03-13', 5955.08, 145);
INSERT INTO BankTransaction(IdBankTransaction,TransactionType,Amount,TransactionDate,BalanceAfter,FkAccount) VALUES(588_2, 'Transfer Received', 916.47, '2016-08-02', 374.18000000000006, 150);
INSERT INTO BankTransaction(IdBankTransaction,TransactionType,Amount,TransactionDate,BalanceAfter,FkAccount) VALUES(588, 'Transfer', 916.47, '2016-08-02', 1305.43, 176);
INSERT INTO BankTransaction(IdBankTransaction,TransactionType,Amount,TransactionDate,BalanceAfter,FkAccount) VALUES(589, 'Withdrawal', 452.34, '2022-08-30', 4421.450000000001, 82);
INSERT INTO BankTransaction(IdBankTransaction,TransactionType,Amount,TransactionDate,BalanceAfter,FkAccount) VALUES(590, 'Deposit', 367.14, '2019-01-12', 1623.4899999999998, 49);
INSERT INTO BankTransaction(IdBankTransaction,TransactionType,Amount,TransactionDate,BalanceAfter,FkAccount) VALUES(591_2, 'Transfer Received', 199.44, '2015-06-24', 3740.0499999999997, 8);
INSERT INTO BankTransaction(IdBankTransaction,TransactionType,Amount,TransactionDate,BalanceAfter,FkAccount) VALUES(591, 'Transfer', 199.44, '2015-06-24', 467.17000000000013, 58);
INSERT INTO BankTransaction(IdBankTransaction,TransactionType,Amount,TransactionDate,BalanceAfter,FkAccount) VALUES(592, 'Withdrawal', 46.07, '2019-12-27', 390.9199999999999, 159);
INSERT INTO BankTransaction(IdBankTransaction,TransactionType,Amount,TransactionDate,BalanceAfter,FkAccount) VALUES(593, 'Withdrawal', 801.87, '2018-12-18', 4128.389999999999, 147);
INSERT INTO BankTransaction(IdBankTransaction,TransactionType,Amount,TransactionDate,BalanceAfter,FkAccount) VALUES(594_2, 'Transfer Received', 157.87, '2020-01-27', 2845.9, 122);
INSERT INTO BankTransaction(IdBankTransaction,TransactionType,Amount,TransactionDate,BalanceAfter,FkAccount) VALUES(594, 'Transfer', 157.87, '2020-01-27', -548.7700000000001, 87);
INSERT INTO BankTransaction(IdBankTransaction,TransactionType,Amount,TransactionDate,BalanceAfter,FkAccount) VALUES(595, 'Withdrawal', 41.1, '2017-09-22', -576.3, 18);
INSERT INTO BankTransaction(IdBankTransaction,TransactionType,Amount,TransactionDate,BalanceAfter,FkAccount) VALUES(596, 'Withdrawal', 531.63, '2021-06-24', -3115.7200000000003, 149);
INSERT INTO BankTransaction(IdBankTransaction,TransactionType,Amount,TransactionDate,BalanceAfter,FkAccount) VALUES(597, 'Deposit', 139.89, '2016-04-08', 1927.38, 158);
INSERT INTO BankTransaction(IdBankTransaction,TransactionType,Amount,TransactionDate,BalanceAfter,FkAccount) VALUES(598, 'Withdrawal', 226.65, '2016-07-06', 240.52000000000012, 58);
INSERT INTO BankTransaction(IdBankTransaction,TransactionType,Amount,TransactionDate,BalanceAfter,FkAccount) VALUES(599_2, 'Transfer Received', 238.73, '2015-03-14', 3978.7799999999997, 8);
INSERT INTO BankTransaction(IdBankTransaction,TransactionType,Amount,TransactionDate,BalanceAfter,FkAccount) VALUES(599, 'Transfer', 238.73, '2015-03-14', 3793.369999999999, 130);
INSERT INTO BankTransaction(IdBankTransaction,TransactionType,Amount,TransactionDate,BalanceAfter,FkAccount) VALUES(600, 'Deposit', 895.4, '2022-07-26', 3708.2, 107);
INSERT INTO Loan(IdLoan,LoanAmount,InterestRate,StartDate,DueDate,RemainingBalance,IsActive,FkAccount) VALUES(1, 6821.41, 0.045, '2021-08-18', '2024-03-31', 3791.63, TRUE, 42);
INSERT INTO Loan(IdLoan,LoanAmount,InterestRate,StartDate,DueDate,RemainingBalance,IsActive,FkAccount) VALUES(2, 2167.84, 0.036, '2018-10-16', '2020-05-08', 604.52, TRUE, 106);
INSERT INTO Loan(IdLoan,LoanAmount,InterestRate,StartDate,DueDate,RemainingBalance,IsActive,FkAccount) VALUES(3, 4668.07, 0.026, '2019-08-30', '2020-11-17', 3180.23, TRUE, 167);
INSERT INTO Loan(IdLoan,LoanAmount,InterestRate,StartDate,DueDate,RemainingBalance,IsActive,FkAccount) VALUES(4, 8244.89, 0.027, '2019-01-17', '2023-01-20', 7798.19, TRUE, 84);
INSERT INTO Loan(IdLoan,LoanAmount,InterestRate,StartDate,DueDate,RemainingBalance,IsActive,FkAccount) VALUES(5, 4975.28, 0.022, '2022-06-27', '2025-09-17', 1251.39, TRUE, 35);
INSERT INTO Loan(IdLoan,LoanAmount,InterestRate,StartDate,DueDate,RemainingBalance,IsActive,FkAccount) VALUES(6, 9753.15, 0.021, '2019-05-08', '2023-10-01', 8189.32, TRUE, 158);
INSERT INTO Loan(IdLoan,LoanAmount,InterestRate,StartDate,DueDate,RemainingBalance,IsActive,FkAccount) VALUES(7, 5939.1, 0.037, '2019-11-02', '2023-02-10', 3913.96, TRUE, 25);
INSERT INTO Loan(IdLoan,LoanAmount,InterestRate,StartDate,DueDate,RemainingBalance,IsActive,FkAccount) VALUES(8, 3391.13, 0.034, '2021-11-15', '2026-04-08', 2694.85, TRUE, 8);
INSERT INTO Loan(IdLoan,LoanAmount,InterestRate,StartDate,DueDate,RemainingBalance,IsActive,FkAccount) VALUES(9, 4728.81, 0.018, '2020-01-04', '2021-07-18', 4508.26, TRUE, 136);
INSERT INTO Loan(IdLoan,LoanAmount,InterestRate,StartDate,DueDate,RemainingBalance,IsActive,FkAccount) VALUES(10, 6327.49, 0.042, '2020-02-10', '2024-08-20', 4906.75, TRUE, 163);
INSERT INTO Loan(IdLoan,LoanAmount,InterestRate,StartDate,DueDate,RemainingBalance,IsActive,FkAccount) VALUES(11, 3909.89, 0.027, '2020-04-18', '2023-03-27', 2277.85, TRUE, 20);
INSERT INTO Loan(IdLoan,LoanAmount,InterestRate,StartDate,DueDate,RemainingBalance,IsActive,FkAccount) VALUES(12, 3308.15, 0.017, '2018-06-03', '2020-01-22', 1495.32, TRUE, 133);
INSERT INTO Loan(IdLoan,LoanAmount,InterestRate,StartDate,DueDate,RemainingBalance,IsActive,FkAccount) VALUES(13, 9207.32, 0.012, '2021-03-12', '2024-03-30', 4478.9, TRUE, 175);
INSERT INTO Loan(IdLoan,LoanAmount,InterestRate,StartDate,DueDate,RemainingBalance,IsActive,FkAccount) VALUES(14, 3389.99, 0.014, '2021-11-20', '2026-08-06', 2702.69, TRUE, 67);
INSERT INTO Loan(IdLoan,LoanAmount,InterestRate,StartDate,DueDate,RemainingBalance,IsActive,FkAccount) VALUES(15, 8437.26, 0.033, '2022-11-13', '2027-07-28', 1733.42, TRUE, 97);
INSERT INTO Loan(IdLoan,LoanAmount,InterestRate,StartDate,DueDate,RemainingBalance,IsActive,FkAccount) VALUES(16, 6131.04, 0.037, '2020-05-22', '2021-12-20', 5168.55, TRUE, 44);
INSERT INTO Loan(IdLoan,LoanAmount,InterestRate,StartDate,DueDate,RemainingBalance,IsActive,FkAccount) VALUES(17, 3027.64, 0.049, '2022-03-30', '2024-12-08', 1474.0, TRUE, 135);
INSERT INTO Loan(IdLoan,LoanAmount,InterestRate,StartDate,DueDate,RemainingBalance,IsActive,FkAccount) VALUES(18, 4339.61, 0.036, '2019-08-18', '2020-09-25', 1513.4, TRUE, 62);
INSERT INTO Loan(IdLoan,LoanAmount,InterestRate,StartDate,DueDate,RemainingBalance,IsActive,FkAccount) VALUES(19, 3712.29, 0.047, '2019-02-15', '2021-10-07', 3382.6, TRUE, 103);
INSERT INTO Loan(IdLoan,LoanAmount,InterestRate,StartDate,DueDate,RemainingBalance,IsActive,FkAccount) VALUES(20, 3524.5, 0.039, '2018-12-16', '2020-05-02', 3136.81, TRUE, 176);
INSERT INTO Loan(IdLoan,LoanAmount,InterestRate,StartDate,DueDate,RemainingBalance,IsActive,FkAccount) VALUES(21, 5172.38, 0.027, '2022-01-23', '2024-06-28', 4610.5, TRUE, 131);
INSERT INTO Loan(IdLoan,LoanAmount,InterestRate,StartDate,DueDate,RemainingBalance,IsActive,FkAccount) VALUES(22, 5090.24, 0.036, '2022-04-27', '2027-03-11', 1688.86, TRUE, 25);
INSERT INTO Loan(IdLoan,LoanAmount,InterestRate,StartDate,DueDate,RemainingBalance,IsActive,FkAccount) VALUES(23, 7054.75, 0.039, '2019-09-20', '2021-09-26', 6012.43, TRUE, 50);
INSERT INTO Loan(IdLoan,LoanAmount,InterestRate,StartDate,DueDate,RemainingBalance,IsActive,FkAccount) VALUES(24, 4916.07, 0.026, '2022-04-19', '2023-06-22', 3699.77, TRUE, 72);
INSERT INTO Loan(IdLoan,LoanAmount,InterestRate,StartDate,DueDate,RemainingBalance,IsActive,FkAccount) VALUES(25, 3737.97, 0.049, '2022-02-18', '2024-09-22', 3515.83, TRUE, 115);
